,FUA3190.fna,FUA3228.fna,FUA3579.medaka.fna,FUA3684.medaka.fna,FUA3685.medaka.fna,FUA3686.medaka.fna,FUA3687.medaka.fna,FUA3688.contigs.fna,FUA3689.medaka.fna,FUA3690.medaka.fna,FUA3691.medaka.fna,FUA3692.medaka.fna,FUA3704.medaka.fna,FUA3916.fna,FUA3917.fna,FUA3918.fna,GCF_000006865.1_ASM686v1_genomic.fna,GCF_000025045.1_ASM2504v1_genomic.fna,GCF_000192705.1_ASM19270v1_genomic.fna,GCF_000344575.1_ASM34457v1_genomic.fna,GCF_000478255.1_ASM47825v2_genomic.fna,GCF_000761115.1_ASM76111v1_genomic.fna,GCF_000807375.1_ASM80737v1_genomic.fna,GCF_002078415.1_ASM207841v1_genomic.fna,GCF_002078435.1_ASM207843v1_genomic.fna,GCF_002078475.4_ASM207847v4_genomic.fna,GCF_002078495.2_ASM207849v2_genomic.fna,GCF_002078615.4_ASM207861v4_genomic.fna,GCF_002078855.1_ASM207885v1_genomic.fna,GCF_002078975.4_ASM207897v5_genomic.fna,GCF_002078995.3_ASM207899v3_genomic.fna,GCF_002148215.1_ASM214821v1_genomic.fna,GCF_002441785.1_ASM244178v1_genomic.fna,GCF_002804185.1_ASM280418v1_genomic.fna,GCF_002804285.1_ASM280428v1_genomic.fna,GCF_002895225.1_ASM289522v1_genomic.fna,GCF_003176835.1_ASM317683v1_genomic.fna,GCF_003627395.2_ASM362739v2_genomic.fna,GCF_003722255.1_ASM372225v1_genomic.fna,GCF_003722275.1_ASM372227v1_genomic.fna,GCF_004194355.1_ASM419435v1_genomic.fna,GCF_007954765.1_ASM795476v1_genomic.fna,GCF_008728875.1_ASM872887v1_genomic.fna,GCF_013395015.3_ASM1339501v3_genomic.fna,GCF_014334715.1_ASM1433471v1_genomic.fna,GCF_014884605.1_ASM1488460v1_genomic.fna,GCF_016027975.1_ASM1602797v1_genomic.fna,GCF_016028815.1_ASM1602881v1_genomic.fna,GCF_016028835.1_ASM1602883v1_genomic.fna,GCF_016127135.1_ASM1612713v1_genomic.fna,GCF_016406265.1_ASM1640626v1_genomic.fna,GCF_016649195.2_ASM1664919v2_genomic.fna,GCF_016920995.2_ASM1692099v2_genomic.fna,GCF_016921015.2_ASM1692101v2_genomic.fna,GCF_016952955.2_ASM1695295v2_genomic.fna,GCF_017821195.2_ASM1782119v2_genomic.fna,GCF_017869415.1_ASM1786941v1_genomic.fna,GCF_020221755.1_ASM2022175v1_genomic.fna,GCF_020463755.1_ASM2046375v1_genomic.fna,GCF_022494905.1_ASM2249490v1_genomic.fna,GCF_022670815.1_ASM2267081v1_genomic.fna,GCF_022809755.1_ASM2280975v1_genomic.fna,GCF_023078515.1_ASM2307851v1_genomic.fna,GCF_023206755.1_ASM2320675v1_genomic.fna,GCF_023611865.3_ASM2361186v3_genomic.fna,GCF_023611885.1_ASM2361188v1_genomic.fna,GCF_023734735.1_ASM2373473v1_genomic.fna,GCF_023734755.1_ASM2373475v1_genomic.fna,GCF_023809745.1_ASM2380974v1_genomic.fna,GCF_023822185.1_ASM2382218v1_genomic.fna,GCF_023822205.1_ASM2382220v1_genomic.fna,GCF_024205345.1_ASM2420534v1_genomic.fna,GCF_024665635.1_ASM2466563v1_genomic.fna,GCF_025562895.2_ASM2556289v2_genomic.fna,GCF_025562955.2_ASM2556295v3_genomic.fna,GCF_027594765.1_ASM2759476v1_genomic.fna,GCF_028994235.1_ASM2899423v1_genomic.fna,GCF_029023865.1_ASM2902386v1_genomic.fna,GCF_029542225.1_ASM2954222v1_genomic.fna,GCF_029581115.1_ASM2958111v1_genomic.fna,GCF_030437975.1_ASM3043797v1_genomic.fna,GCF_030480465.1_ASM3048046v1_genomic.fna,GCF_030489665.1_ASM3048966v1_genomic.fna,GCF_030931275.1_ASM3093127v1_genomic.fna,GCF_030931315.1_ASM3093131v1_genomic.fna,GCF_030931335.1_ASM3093133v1_genomic.fna,GCF_030931535.1_ASM3093153v1_genomic.fna,GCF_030931665.1_ASM3093166v1_genomic.fna,GCF_032171455.1_ASM3217145v1_genomic.fna,GCF_032878815.1_ASM3287881v1_genomic.fna,GCF_033631205.1_ASM3363120v1_genomic.fna,GCF_033879915.1_ASM3387991v1_genomic.fna,GCF_035985965.1_ASM3598596v1_genomic.fna,GCF_038721235.1_ASM3872123v1_genomic.fna,GCF_040027695.1_Lla1834_v1_all_genomic.fna,GCF_040448315.1_ASM4044831v1_genomic.fna,GCF_040516025.1_ASM4051602v1_genomic.fna,GCF_041545465.1_ASM4154546v1_genomic.fna,GCF_041879435.1_ASM4187943v1_genomic.fna,GCF_041930265.1_PacBio_sequel_II_genomic.fna,GCF_900088425.1_A12_genomic.fna,GCF_964062975.1_Lactococcus_lactis_CIRM-BIA2553_genomic.fna
FUA3190.fna,100.0,98.8419,96.7284,97.8286,97.959,97.9164,98.0355,97.8516,97.9629,97.9349,97.9035,98.0259,98.414,97.7191,98.7761,98.8077,99.8248,97.9933,99.0506,97.6713,98.0543,97.0386,97.9687,99.5381,99.0714,97.9813,98.8975,99.5875,99.0746,98.098,97.9804,99.8391,97.4356,98.4149,98.3365,98.1889,97.9619,99.5835,99.9218,99.8287,98.1935,96.9125,99.6161,97.9953,98.3884,98.0573,99.6329,99.643,98.1957,99.0399,96.9163,97.8464,98.9705,99.7949,98.8951,99.2523,99.7783,98.9888,98.2201,97.9676,99.6233,98.9711,98.9256,98.2397,99.5732,98.9856,98.2204,98.1784,98.0043,98.9841,98.8955,97.6564,98.8967,98.9855,98.9101,98.0446,98.0611,98.1423,98.0995,98.8002,97.8017,98.0775,96.6662,98.4048,98.4946,98.4049,98.5528,98.4869,98.1558,98.2151,99.6777,98.2424,98.2618,98.1881,98.9286,98.7608,98.3715,97.3189,98.8799,97.5542,97.7512,98.285
FUA3228.fna,98.8419,100.0,96.7441,98.2759,98.2008,98.2684,98.2801,98.0362,98.0006,98.0406,98.0336,98.0474,98.5736,98.159,98.908,99.0076,99.1918,98.0763,99.5621,97.7348,98.0487,97.1092,98.2392,99.0547,99.4325,98.2887,99.303,99.0098,99.488,98.127,98.2733,99.1482,97.177,98.4289,98.2336,98.0206,98.1552,98.984,99.5108,99.2051,98.1831,97.0319,99.0805,98.2078,98.4672,98.0617,99.2247,99.0856,98.1833,99.5799,97.0957,97.8519,99.355,99.0268,99.3057,99.1143,99.1887,99.0279,98.2333,98.1148,98.9519,99.3214,99.3961,98.2443,99.0993,99.2723,98.2984,98.2359,98.0889,99.3075,99.4084,97.6341,99.3299,99.3348,99.908,98.213,98.2011,98.1162,98.2462,98.8787,97.9593,98.1787,97.0951,98.5108,98.642,98.5108,98.5752,98.5423,98.19,98.2256,99.0748,98.2896,98.413,98.0361,99.1884,98.8087,98.483,97.4482,99.1456,97.5798,98.1699,98.5188
FUA3579.medaka.fna,96.7284,96.7441,100.0,97.1097,96.9952,96.989,96.915,96.9088,96.9319,96.9805,97.1084,96.9576,97.1917,97.1185,97.0025,96.889,97.1406,97.2148,96.8997,97.2385,97.1126,98.9182,97.1734,96.8171,97.0202,97.1728,96.7367,96.7817,96.8549,96.8903,97.0968,96.9365,96.8187,97.1767,97.0972,97.4038,96.879,96.848,97.3374,97.1185,97.4389,98.9574,97.0322,96.8021,97.3734,97.0221,97.0513,96.8326,96.8965,96.8236,99.2834,96.899,96.8471,96.8654,96.6816,96.9907,97.0043,96.9288,97.395,96.8152,96.8698,96.77,96.7826,96.8627,96.7457,96.7678,97.3149,97.3969,97.2379,96.7084,96.8986,97.0198,96.8026,96.8151,96.9429,97.0144,97.2318,97.027,97.2807,96.8182,97.0848,97.2345,98.8625,97.2032,97.4573,97.1925,97.4829,97.4686,96.9077,97.078,97.0039,96.9546,97.2105,97.0607,97.0001,96.9498,97.0168,97.3365,96.6563,97.2048,97.1678,97.3529
FUA3684.medaka.fna,97.8286,98.2759,97.1097,100.0,99.9781,99.9868,99.9754,98.1056,98.1679,98.1475,98.0568,97.9743,98.4799,98.3664,98.1659,98.2685,98.3791,98.0348,98.3911,97.7323,98.1964,97.461,98.2462,98.0899,98.3616,98.3878,98.1236,98.1262,98.2644,97.994,98.3884,98.2765,97.5224,98.4158,98.3467,98.3824,98.1184,98.0905,98.6625,98.3935,98.7159,97.17,98.2419,97.8103,98.6231,98.2511,98.2449,98.292,98.1912,98.4339,97.2158,98.2545,98.2217,98.1291,98.226,98.303,98.3099,98.2753,98.6319,98.2514,98.1722,98.1214,98.2643,98.1358,97.9695,98.1516,98.8155,98.5828,98.6483,98.1206,98.2252,97.7788,98.2168,98.1974,98.2928,98.227,98.6664,98.1375,98.6347,98.1566,97.8887,98.8193,97.1152,98.617,98.5366,98.6169,98.6115,98.5926,98.2073,98.3219,98.2192,98.1879,98.3102,98.1768,98.4013,98.414,98.289,97.697,98.1908,97.8702,98.2165,98.7029
FUA3685.medaka.fna,97.959,98.2008,96.9952,99.9781,100.0,99.9782,99.9767,98.0531,98.219,98.1952,98.1108,98.0284,98.4874,98.2697,98.0528,98.2241,98.3552,98.0439,98.4151,97.7512,98.16,97.3889,98.2231,98.0051,98.3397,98.3059,98.1251,98.1347,98.2117,97.9735,98.335,98.2599,97.4905,98.3175,98.2908,98.4262,98.1019,98.0266,98.5412,98.3604,98.7535,97.1087,98.1967,97.7845,98.6127,98.1511,98.2538,98.2584,98.2265,98.4211,97.2116,98.2155,98.1816,98.185,98.1213,98.287,98.3338,98.1822,98.6092,98.2553,98.0743,98.1032,98.2636,98.0318,97.9993,98.1881,98.7985,98.6427,98.6742,98.1084,98.2653,97.6884,98.1872,98.1815,98.2901,98.1308,98.6974,98.1371,98.6506,98.1293,97.9082,98.8582,97.0439,98.6448,98.4955,98.6448,98.5798,98.546,98.2231,98.3925,98.1688,98.1946,98.2088,98.2048,98.3411,98.3415,98.2822,97.6857,98.1143,97.8803,98.1171,98.6775
FUA3686.medaka.fna,97.9164,98.2684,96.989,99.9868,99.9782,100.0,99.98,98.091,98.1689,98.1412,98.0424,97.9423,98.475,98.3776,98.1381,98.2631,98.368,98.0553,98.4194,97.7245,98.1637,97.4853,98.2912,98.0379,98.3971,98.3649,98.0953,98.1123,98.2498,98.039,98.376,98.2757,97.5454,98.4605,98.3581,98.3833,98.1666,98.0349,98.6165,98.3893,98.7143,97.1632,98.2214,97.8477,98.6681,98.2472,98.2714,98.2963,98.1719,98.4759,97.229,98.2526,98.24,98.1159,98.2101,98.3472,98.3124,98.2398,98.6242,98.2513,98.1621,98.1731,98.2723,98.1214,97.94,98.1593,98.8131,98.5683,98.6172,98.0705,98.2805,97.8043,98.2098,98.2223,98.2944,98.2348,98.6758,98.1247,98.6566,98.1637,97.8578,98.8193,97.074,98.61,98.5565,98.6099,98.6237,98.5976,98.1931,98.3057,98.2073,98.1796,98.3135,98.1969,98.3845,98.4513,98.2462,97.7119,98.1593,97.9126,98.1659,98.6971
FUA3687.medaka.fna,98.0355,98.2801,96.915,99.9754,99.9767,99.98,100.0,98.1205,98.1842,98.1565,98.0627,97.9647,98.3357,98.3197,98.0241,98.2291,98.3503,98.0128,98.3895,97.6833,98.1203,97.5872,98.1848,97.9909,98.2957,98.2936,98.1681,98.0339,98.2294,97.9913,98.3078,98.2856,97.4558,98.4458,98.3574,98.3204,98.1435,98.0037,98.6328,98.3583,98.7388,97.1655,98.1623,97.8668,98.6639,98.1619,98.2703,98.3354,98.1983,98.3695,97.2062,98.1751,98.2167,98.0747,98.2166,98.1727,98.2814,98.3034,98.6491,98.0941,98.0438,98.1623,98.2141,97.9966,97.9566,98.2297,98.7405,98.6229,98.6239,98.0956,98.3365,97.7985,98.2088,98.2291,98.2105,98.1077,98.6845,98.204,98.6159,98.2277,97.9025,98.8283,97.0871,98.5726,98.4892,98.5725,98.6305,98.534,98.2672,98.3238,98.2487,98.2085,98.2076,98.2333,98.3205,98.3373,98.2133,97.7091,98.166,97.8379,98.1383,98.7162
FUA3688.contigs.fna,97.8516,98.0362,96.9088,98.1056,98.0531,98.091,98.1205,100.0,98.4389,99.1265,99.1902,99.1778,98.3345,98.1108,98.0092,98.1632,98.2283,98.3178,98.2743,97.5372,98.3937,97.3296,98.1344,97.9601,97.9827,98.2319,97.8836,98.0755,98.1295,97.9604,98.169,98.0774,97.2831,98.3187,98.3425,98.4514,98.6375,97.9124,98.5359,98.2532,98.5045,97.1526,98.126,97.9097,98.8434,98.0624,97.9085,97.9782,97.9912,98.1406,97.0719,98.387,97.9955,97.9912,97.9486,97.8777,98.2397,97.9698,98.5621,98.0369,98.0471,97.947,97.8961,98.0445,98.0091,97.9136,98.5103,98.4972,98.5221,97.9452,97.9134,97.607,97.9885,98.0545,97.8365,98.1217,98.3996,97.9289,98.7302,97.9377,97.901,98.5606,97.2403,98.5578,98.3288,98.5579,98.3016,98.2567,98.2648,98.26,98.0256,98.2822,98.2505,98.0968,98.1026,97.8978,98.1556,97.4245,97.7859,97.5469,97.9951,98.5365
FUA3689.medaka.fna,97.9629,98.0006,96.9319,98.1679,98.219,98.1689,98.1842,98.4389,100.0,98.2699,98.4776,98.4059,98.4813,98.118,97.8839,98.173,98.3729,98.0865,98.0569,97.539,98.0711,97.3342,98.1073,97.9159,98.0967,97.9915,98.0132,97.9093,98.0544,97.9461,97.9686,98.0183,97.2611,98.2133,98.1912,98.316,98.1466,98.0325,98.5433,98.3672,98.5653,97.031,98.0081,97.9368,98.5636,98.0288,97.9421,98.1871,98.0211,98.047,97.0223,99.9862,97.792,98.0801,97.8191,98.037,98.2531,98.0095,98.595,98.0297,98.073,97.6859,98.0134,98.1087,97.8694,97.8967,98.7048,98.3774,98.435,97.9897,98.0467,97.6231,97.731,97.7991,97.7048,98.0546,98.6401,98.0835,98.5328,98.1955,97.7166,98.6733,97.1851,98.5801,98.4841,98.5804,98.4927,98.5134,98.2567,98.3355,98.1339,98.2617,98.2207,98.2105,98.2242,98.0175,98.3154,97.4063,97.873,97.6013,97.9211,98.5446
FUA3690.medaka.fna,97.9349,98.0406,96.9805,98.1475,98.1952,98.1412,98.1565,99.1265,98.2699,100.0,99.7429,99.776,98.5705,98.2639,98.0692,98.2347,98.2763,98.2758,98.2634,97.7417,98.2321,97.319,98.298,97.986,98.2176,98.3559,98.1209,98.0481,98.2088,98.2431,98.3474,98.0993,97.1943,98.483,98.3493,98.5678,98.5437,98.1959,98.6123,98.2179,98.6438,97.2878,98.153,97.97,98.8107,98.1799,98.0632,98.1439,98.1674,98.2028,97.1227,98.3037,98.1999,98.1674,98.1755,98.2386,98.2917,98.1955,98.7353,98.1963,98.1432,98.0183,98.0342,98.1877,98.0897,98.1524,98.6416,98.6616,98.5762,98.1022,98.1506,97.5367,98.0137,98.2445,98.0578,98.2343,98.5378,98.0679,98.8461,98.2019,98.1525,98.5728,97.2253,98.5636,98.5656,98.5638,98.6263,98.5867,98.2133,98.3873,98.2613,98.368,98.2839,98.3602,98.1186,98.089,98.4471,97.5461,97.8907,97.6717,98.1695,98.4544
FUA3691.medaka.fna,97.9035,98.0336,97.1084,98.0568,98.1108,98.0424,98.0627,99.1902,98.4776,99.7429,100.0,99.9933,98.5754,98.2076,98.0481,98.223,98.2753,98.3738,98.2655,97.6479,98.3937,97.3723,98.3026,97.9825,98.1274,98.2605,98.0905,98.047,98.1515,98.1063,98.2048,98.0598,97.1338,98.4554,98.3762,98.5853,98.5797,98.078,98.5434,98.3031,98.7001,97.2553,98.1161,97.9466,98.7887,98.214,98.0911,98.1304,98.2404,98.1817,97.2154,98.5348,98.1329,98.1631,98.1111,98.2359,98.3736,98.1446,98.7624,98.2314,98.1258,97.9624,98.0514,98.2709,97.9963,98.1317,98.662,98.5786,98.687,98.1524,98.1912,97.5418,98.0217,98.1133,98.0363,98.2609,98.6348,98.0625,98.8599,98.1373,98.1373,98.5316,97.2366,98.6722,98.6226,98.6723,98.6611,98.6776,98.3332,98.4806,98.2683,98.367,98.335,98.3186,98.1449,98.1931,98.3141,97.5817,97.8842,97.4881,98.1254,98.428
FUA3692.medaka.fna,98.0259,98.0474,96.9576,97.9743,98.0284,97.9423,97.9647,99.1778,98.4059,99.776,99.9933,100.0,98.5151,98.2993,98.0432,98.207,98.2786,98.291,98.2272,97.5918,98.2868,97.3738,98.3448,97.9713,98.1443,98.2602,98.0598,98.01,98.1677,98.018,98.2131,98.0802,97.1925,98.3727,98.392,98.584,98.5621,98.0397,98.5512,98.3161,98.6216,97.201,98.0811,97.9568,98.7968,98.1629,97.9531,98.1874,98.2633,98.1987,97.233,98.5382,98.1025,98.1473,98.0548,98.2091,98.3266,98.1106,98.7077,98.201,98.0737,97.9785,98.0346,98.2088,97.9497,98.1137,98.7145,98.5559,98.7068,98.0802,98.1946,97.6342,98.0052,98.0797,98.0238,98.2601,98.5701,98.0817,98.7841,98.1067,98.0878,98.5264,97.249,98.5946,98.6409,98.6169,98.6727,98.6595,98.3534,98.4736,98.231,98.3312,98.3406,98.3344,98.1401,98.1337,98.2981,97.6536,97.7764,97.4941,98.1388,98.3926
FUA3704.medaka.fna,98.414,98.5736,97.1917,98.4799,98.4874,98.475,98.3357,98.3345,98.4813,98.5705,98.5754,98.5151,100.0,98.6414,98.4155,98.4763,98.5145,98.4672,98.4654,97.9329,98.5672,97.3092,98.7629,98.3114,98.5051,98.7118,98.485,98.4506,98.4865,98.6756,98.7693,98.4597,97.4704,98.8406,98.7404,98.3246,98.5775,98.4009,98.6639,98.5128,98.4841,97.3154,98.393,98.6571,98.4319,98.6449,98.427,98.5043,98.7529,98.4263,97.2285,98.3131,98.4426,98.3808,98.5055,98.3935,98.5298,98.5705,98.3833,98.6047,98.4749,98.4435,98.3621,98.794,98.4802,98.4404,98.4462,98.4739,98.3913,98.4022,98.4107,97.8171,98.4839,98.4911,98.4864,98.7805,98.4405,98.8257,98.4292,98.4299,98.6881,98.4299,97.5789,98.8936,98.6888,98.8939,98.7415,98.7525,98.5721,98.7005,98.3778,98.6758,98.8969,98.6923,98.4645,98.4413,98.7063,97.59,98.3568,97.7927,98.3967,98.5595
FUA3916.fna,97.7191,98.159,97.1185,98.3664,98.2697,98.3776,98.3197,98.1108,98.118,98.2639,98.2076,98.2993,98.6414,100.0,98.0132,98.067,98.1358,98.0018,98.111,97.7477,98.0242,97.1944,98.6258,97.8046,98.1509,98.6525,98.0289,97.85,98.1476,98.2713,98.5375,98.0327,97.3823,98.4703,98.2863,98.2519,98.1453,97.9069,98.6221,98.1528,98.4559,97.1784,98.0446,98.4516,98.4922,98.1512,97.9569,98.0283,98.6418,98.1352,97.11,97.9476,97.9452,97.7607,97.8435,98.0484,98.344,98.1423,98.3741,98.2399,97.8621,97.9094,98.0111,98.3808,97.8633,98.1033,98.3477,98.4234,98.4043,97.9926,98.0933,97.5413,97.8484,97.939,97.9444,98.403,98.2571,98.5742,98.4471,98.0288,98.3743,98.1317,97.1301,98.5585,98.5963,98.5579,98.6608,98.6654,98.965,99.5392,97.9641,99.0099,98.6332,99.3862,98.1679,98.1577,99.2807,97.3989,97.8599,97.6812,97.9717,98.4487
FUA3917.fna,98.7761,98.908,97.0025,98.1659,98.0528,98.1381,98.0241,98.0092,97.8839,98.0692,98.0481,98.0432,98.4155,98.0132,100.0,99.1821,99.0251,97.9069,98.8513,97.6907,98.0021,97.0787,98.3455,98.8817,98.9051,98.2916,98.8703,98.928,98.925,98.2842,98.3313,98.8584,97.2748,98.427,98.4061,98.1082,98.1112,98.7828,99.3329,99.0576,98.1743,96.9913,98.8462,98.2697,98.4434,98.1461,98.8713,99.043,98.5007,98.9205,97.0426,97.7157,98.8438,98.701,98.8515,98.9317,98.9832,99.3637,98.2186,98.0308,99.0,98.8661,98.9055,98.2378,98.8522,98.8517,98.2589,98.2803,98.0635,98.8493,98.8909,97.5286,98.7699,98.8635,98.8987,98.2092,98.062,98.3752,98.3527,99.2657,97.8576,98.3047,97.091,98.4732,98.4841,98.473,98.5191,98.4871,98.2002,98.3808,98.8705,98.3668,98.3847,98.2107,98.9326,99.1975,98.3557,97.4241,98.8181,97.6812,98.1672,98.3712
FUA3918.fna,98.8077,99.0076,96.889,98.2685,98.2241,98.2631,98.2291,98.1632,98.173,98.2347,98.223,98.207,98.4763,98.067,99.1821,100.0,99.1965,98.172,99.1079,97.7563,98.0614,97.1002,98.1524,98.9071,98.8531,98.2262,98.88,99.0335,99.0182,98.1637,98.1739,98.9262,97.4925,98.606,98.6416,98.1848,98.0893,98.7381,99.4704,99.2411,98.2246,97.1301,99.0486,98.1696,98.4923,98.2918,99.0486,99.0396,98.4508,99.1079,97.1305,98.2145,98.865,98.9177,98.7975,98.9329,99.2381,99.3613,98.315,98.2776,98.9338,98.8291,98.9307,98.3561,99.0094,98.9105,98.3939,98.4407,98.1354,98.8198,98.9608,97.5754,98.7112,98.8904,98.8388,98.1344,98.263,98.4807,98.1797,99.2431,97.9819,98.2249,96.9812,98.4632,98.6807,98.4747,98.638,98.6281,98.1429,98.374,98.8806,98.3178,98.3204,98.2916,98.8428,99.282,98.5637,97.3734,98.9004,97.6361,98.1213,98.5084
GCF_000006865.1_ASM686v1_genomic.fna,99.8248,99.1918,97.1406,98.3791,98.3552,98.368,98.3503,98.2283,98.3729,98.2763,98.2753,98.2786,98.5145,98.1358,99.0251,99.1965,100.0,98.2166,99.2707,97.7993,98.1307,97.2447,98.2273,99.8535,99.1311,98.3566,99.1861,99.8623,99.2324,98.2374,98.3963,99.8222,97.5661,98.4627,98.4536,98.197,98.3651,99.8468,99.982,99.9902,98.344,97.2342,99.8772,98.3272,98.5572,98.4086,99.9116,99.9253,98.4177,99.2858,97.1055,98.3809,99.1124,99.8336,99.1497,99.4789,99.883,99.0478,98.3895,98.1893,99.8512,99.1328,99.1463,98.38,99.8605,99.1715,98.2785,98.515,98.3397,99.1963,99.1138,97.6928,99.1026,99.1783,99.1137,98.2012,98.1963,98.3332,98.2622,98.9742,98.164,98.1278,97.0705,98.5361,98.4625,98.53,98.512,98.4992,98.2542,98.3145,99.8579,98.3747,98.3105,98.3454,99.0984,99.1039,98.3844,97.5704,99.1987,97.6732,98.3555,98.5023
GCF_000025045.1_ASM2504v1_genomic.fna,97.9933,98.0763,97.2148,98.0348,98.0439,98.0553,98.0128,98.3178,98.0865,98.2758,98.3738,98.291,98.4672,98.0018,97.9069,98.172,98.2166,100.0,97.9883,97.6449,99.8111,97.4071,98.126,97.9695,98.1279,98.3388,97.9726,98.0303,98.0263,98.0339,98.3335,98.0152,97.2788,98.4401,98.3923,98.2322,98.2995,97.8459,98.4441,98.1558,98.3373,97.3478,98.0032,97.949,98.4056,98.3231,97.9339,98.1086,98.1202,98.011,97.3692,98.0735,97.9384,97.9934,97.9935,98.0578,98.1182,98.0304,98.3226,97.8952,98.0189,97.8683,97.959,98.0176,98.1107,97.9835,98.3539,98.5089,98.2213,98.0934,97.9669,97.4833,97.8788,97.8858,97.9566,98.114,98.1842,98.0299,98.454,97.8614,98.1105,98.2826,97.4675,98.4451,98.3505,98.4448,98.4137,98.3909,97.992,98.2606,97.9854,98.0762,98.2494,98.0558,97.9853,97.9564,98.2932,97.5066,97.8527,97.6587,97.9544,98.4322
GCF_000192705.1_ASM19270v1_genomic.fna,99.0506,99.5621,96.8997,98.3911,98.4151,98.4194,98.3895,98.2743,98.0569,98.2634,98.2655,98.2272,98.4654,98.111,98.8513,99.1079,99.2707,97.9883,100.0,97.8274,98.1859,97.1875,98.1395,99.0496,99.4983,98.2828,99.4291,99.0207,99.4083,98.2247,98.2339,99.1276,97.35,98.3738,98.3093,98.1092,98.067,99.0161,99.5819,99.2785,98.2063,97.0531,99.0634,98.0991,98.4539,98.2614,99.1308,99.1999,98.2694,99.9835,97.1516,97.9352,99.3487,99.096,99.4214,99.0274,99.4148,98.8833,98.2018,98.252,99.1484,99.3776,99.5015,98.21,99.0839,99.3388,98.2409,98.2271,98.0451,99.3718,99.5127,97.6197,99.4061,99.3846,99.5843,98.1723,98.0999,98.3182,98.2458,98.9049,98.1005,98.2319,97.1749,98.4074,98.614,98.4076,98.6389,98.594,98.1479,98.2632,99.0706,98.2968,98.3093,98.0648,99.1841,98.8839,98.4992,97.4638,99.2,97.685,98.1312,98.5046
GCF_000344575.1_ASM34457v1_genomic.fna,97.6713,97.7348,97.2385,97.7323,97.7512,97.7245,97.6833,97.5372,97.539,97.7417,97.6479,97.5918,97.9329,97.7477,97.6907,97.7563,97.7993,97.6449,97.8274,100.0,97.7224,97.282,97.8235,97.5577,97.8835,97.9056,97.7493,97.6485,97.8341,97.6248,97.8804,97.672,97.3972,97.8603,97.8389,97.9208,97.7839,97.5682,97.9729,97.7713,97.8594,97.2094,97.7343,97.4789,97.9825,97.7694,97.7029,97.7421,97.8201,97.8155,97.1874,97.6356,97.7129,97.6809,97.6982,97.6957,97.7706,97.7925,97.7985,97.7523,97.7143,97.7148,97.8078,97.743,97.7014,97.7242,97.904,97.8225,97.8317,97.6781,97.6909,98.9246,97.72,97.7148,97.7749,97.7765,97.6737,97.7938,97.9218,97.8512,97.7244,97.88,97.0541,97.7682,97.8815,97.7683,97.8177,97.8625,97.6628,97.8475,97.7091,97.572,97.8044,97.935,97.8087,97.7545,97.7155,97.6614,97.637,99.4908,97.6512,97.7773
GCF_000478255.1_ASM47825v2_genomic.fna,98.0543,98.0487,97.1126,98.1964,98.16,98.1637,98.1203,98.3937,98.0711,98.2321,98.3937,98.2868,98.5672,98.0242,98.0021,98.0614,98.1307,99.8111,98.1859,97.7224,100.0,97.4261,98.2186,97.9506,98.068,98.3937,97.9062,97.9922,97.9418,98.0964,98.3875,97.8847,97.4244,98.4718,98.3449,98.0955,98.3799,97.9385,98.4306,98.0593,98.4398,97.272,97.958,97.9167,98.517,98.2733,98.0455,98.0385,98.0529,98.0772,97.3226,98.0593,97.9014,97.8344,97.9627,98.1103,98.0004,97.9796,98.3211,97.9461,98.0234,97.8052,97.8961,97.9979,97.973,97.9435,98.2967,98.4582,98.2655,97.9304,98.0213,97.5027,97.8036,97.9126,97.9351,98.0504,98.1931,97.9613,98.4417,97.9213,98.2683,98.2941,97.4403,98.4783,98.2882,98.4782,98.3798,98.2779,98.1227,98.2274,98.0895,98.0969,98.1757,98.1641,98.0356,98.0096,98.2889,97.5592,97.8361,97.7635,97.9673,98.4097
GCF_000761115.1_ASM76111v1_genomic.fna,97.0386,97.1092,98.9182,97.461,97.3889,97.4853,97.5872,97.3296,97.3342,97.319,97.3723,97.3738,97.3092,97.1944,97.0787,97.1002,97.2447,97.4071,97.1875,97.282,97.4261,100.0,97.293,97.1799,97.1078,97.3997,97.1661,97.1865,97.1185,97.22,97.3999,97.151,96.9528,97.4873,97.3352,97.4019,97.4589,97.1007,97.3604,97.3101,97.413,98.9876,97.1891,97.0792,97.5165,97.3283,97.2321,97.2342,97.2347,97.1682,99.0432,97.2962,97.2562,97.0999,97.1301,97.1471,97.2375,97.1294,97.3796,97.3956,97.1469,97.2048,97.1725,97.1304,97.1864,97.1734,97.3215,97.4914,97.4466,97.0068,97.117,97.0472,97.2068,97.1666,97.2395,97.134,97.1814,97.2764,97.5167,97.1431,97.3713,97.3608,99.0448,97.269,97.4537,97.2494,97.4045,97.4329,97.2309,97.3172,97.161,97.266,97.1651,97.341,97.1058,97.1226,97.26,97.4975,97.1904,97.3991,97.3305,97.5165
GCF_000807375.1_ASM80737v1_genomic.fna,97.9687,98.2392,97.1734,98.2462,98.2231,98.2912,98.1848,98.1344,98.1073,98.298,98.3026,98.3448,98.7629,98.6258,98.3455,98.1524,98.2273,98.126,98.1395,97.8235,98.2186,97.293,100.0,98.2024,98.3143,98.9253,98.2523,98.2076,98.2551,98.5392,98.8924,98.1906,97.4816,98.4718,98.3795,98.2715,98.2403,98.0704,98.639,98.4466,98.3801,97.3135,98.3029,98.6827,98.4418,98.5362,98.2448,98.3295,98.8372,98.4169,97.3117,98.1378,98.2452,98.1985,98.1271,98.3997,98.3762,98.334,98.2949,98.4796,98.263,98.1507,98.3387,98.7253,98.1913,98.2415,98.2635,98.4102,98.1813,98.2555,98.3795,97.8132,98.1979,98.2189,98.3478,99.9809,98.1283,98.7792,98.4999,98.3222,98.6155,98.3199,97.0922,99.1297,98.6397,99.1299,98.6622,98.6961,98.5471,98.5999,98.2655,98.5621,99.9789,98.6353,98.2368,98.2872,98.6504,97.6597,98.1767,97.7745,98.3309,98.3951
GCF_002078415.1_ASM207841v1_genomic.fna,99.5381,99.0547,96.8171,98.0899,98.0051,98.0379,97.9909,97.9601,97.9159,97.986,97.9825,97.9713,98.3114,97.8046,98.8817,98.9071,99.8535,97.9695,99.0496,97.5577,97.9506,97.1799,98.2024,100.0,99.014,98.1483,98.9698,99.9842,99.1142,98.1729,98.0749,99.7458,97.3386,98.3991,98.2477,98.0254,98.097,99.7117,99.9382,99.9193,98.1637,97.049,99.5763,98.0529,98.4319,98.0987,99.6779,99.7944,98.3145,99.0205,96.9923,97.9644,98.982,99.6505,98.9518,99.263,99.7837,99.0161,98.2268,98.0503,99.5602,98.9876,99.0134,98.1124,99.9823,99.0173,98.2923,98.2716,98.1227,98.8949,98.9918,97.4243,99.0749,99.0153,98.9474,98.0257,97.9899,98.2705,98.1494,98.9379,97.9357,98.0311,96.8123,98.4323,98.496,98.4324,98.4792,98.4654,98.0697,98.2562,99.7177,98.1147,98.229,97.9784,98.8424,98.8827,98.2676,97.2984,98.959,97.5702,98.0755,98.5032
GCF_002078435.1_ASM207843v1_genomic.fna,99.0714,99.4325,97.0202,98.3616,98.3397,98.3971,98.2957,97.9827,98.0967,98.2176,98.1274,98.1443,98.5051,98.1509,98.9051,98.8531,99.1311,98.1279,99.4983,97.8835,98.068,97.1078,98.3143,99.014,100.0,98.1591,99.1588,99.0906,99.4479,97.9594,98.0999,99.125,97.4507,98.3565,98.1454,98.2742,98.2339,98.8994,99.4717,99.1833,98.2452,97.0532,99.0693,98.2087,98.3952,97.95,99.1767,99.1392,98.1849,99.4689,96.9889,97.898,99.2983,99.0322,99.2085,99.0595,99.2476,98.7946,98.3439,98.0862,99.0675,99.2291,99.2543,98.1812,99.1225,99.0977,98.278,98.308,98.1233,99.3459,99.2108,97.4702,99.2805,99.3298,99.4318,98.1024,98.246,98.121,98.356,98.8287,97.9332,98.2073,97.0488,98.5096,98.6041,98.5097,98.5757,98.5339,98.1176,98.2875,99.0213,98.1695,98.3864,98.1491,99.1429,98.8522,98.339,97.4276,99.1505,97.6969,97.885,98.5585
GCF_002078475.4_ASM207847v4_genomic.fna,97.9813,98.2887,97.1728,98.3878,98.3059,98.3649,98.2936,98.2319,97.9915,98.3559,98.2605,98.2602,98.7118,98.6525,98.2916,98.2262,98.3566,98.3388,98.2828,97.9056,98.3937,97.3997,98.9253,98.1483,98.1591,100.0,98.1972,98.1559,98.394,98.7864,99.9975,98.2162,97.4938,98.6323,98.6115,98.4127,98.3121,98.1263,98.5528,98.3544,98.4517,97.2251,98.0586,98.8224,98.5969,98.6081,98.1966,98.1321,99.0005,98.282,97.2445,98.0936,98.2657,98.2376,98.2044,98.2978,98.4278,98.298,98.294,98.5225,98.0537,98.2266,98.1106,98.7932,98.1677,98.1694,98.4079,98.4079,98.4408,98.2562,98.1877,97.8502,98.246,98.1336,98.2046,98.6291,98.4081,98.9564,98.5324,98.3821,98.6026,98.4391,97.3515,98.8764,98.7219,98.8765,98.7509,98.7459,98.987,99.003,98.2614,98.9541,98.8826,98.9809,98.3824,98.3469,98.9924,97.5517,98.1768,97.9064,98.329,98.4981
GCF_002078495.2_ASM207849v2_genomic.fna,98.8975,99.303,96.7367,98.1236,98.1251,98.0953,98.1681,97.8836,98.0132,98.1209,98.0905,98.0598,98.485,98.0289,98.8703,98.88,99.1861,97.9726,99.4291,97.7493,97.9062,97.1661,98.2523,98.9698,99.1588,98.1972,100.0,99.0633,99.4193,98.1179,98.1431,99.0378,97.2161,98.3419,98.1816,98.2065,97.8994,98.8274,99.4671,99.1883,98.1349,97.0078,98.9206,97.9522,98.4317,98.1326,99.1192,99.0949,98.0838,99.3219,96.8659,98.0999,99.4001,98.9441,99.4909,98.9975,99.1294,98.8587,98.1961,98.142,99.1364,99.427,99.5058,98.1646,99.0598,99.9956,98.1611,98.2749,97.9723,99.3085,99.2593,97.4645,99.507,99.4475,99.2886,98.2582,97.9176,98.1966,98.0965,98.8176,97.8078,97.9574,96.9325,98.397,98.5952,98.3968,98.6292,98.568,98.2036,98.2455,99.1271,98.2847,98.4655,97.9789,99.1596,98.8249,98.4834,97.1343,99.0825,97.5845,98.1523,98.4611
GCF_002078615.4_ASM207861v4_genomic.fna,99.5875,99.0098,96.7817,98.1262,98.1347,98.1123,98.0339,98.0755,97.9093,98.0481,98.047,98.01,98.4506,97.85,98.928,99.0335,99.8623,98.0303,99.0207,97.6485,97.9922,97.1865,98.2076,99.9842,99.0906,98.1559,99.0633,100.0,99.1413,98.2018,98.1074,99.7698,97.3309,98.3311,98.2668,98.108,98.1119,99.7115,99.9428,99.9082,98.1653,97.0574,99.638,98.0324,98.3713,98.0849,99.6855,99.8116,98.2544,99.0452,96.9112,97.9706,98.9571,99.6607,98.8889,99.2605,99.7686,99.0234,98.2326,98.0182,99.6635,99.0349,98.9811,98.1686,99.9908,99.0294,98.2629,98.2388,98.1418,98.9633,99.0222,97.4186,99.0447,98.9518,99.0125,97.9806,98.0965,98.2219,98.2225,98.8643,97.9859,98.0407,96.796,98.4096,98.4674,98.4097,98.5939,98.5204,98.1762,98.2986,99.7479,98.1365,98.2233,98.0755,98.9113,98.9266,98.3339,97.291,98.9251,97.5174,98.0545,98.4964
GCF_002078855.1_ASM207885v1_genomic.fna,99.0746,99.488,96.8549,98.2644,98.2117,98.2498,98.2294,98.1295,98.0544,98.2088,98.1515,98.1677,98.4865,98.1476,98.925,99.0182,99.2324,98.0263,99.4083,97.8341,97.9418,97.1185,98.2551,99.1142,99.4479,98.394,99.4193,99.1413,100.0,98.2462,98.4251,99.1187,97.4585,98.4689,98.3043,98.1982,98.149,99.0506,99.5373,99.2923,98.169,97.197,99.101,98.0867,98.3979,98.2463,99.2307,99.1363,98.352,99.3826,97.0304,97.9316,99.9607,98.9356,99.8795,99.1687,99.2044,98.9347,98.1257,98.2614,99.141,99.9522,99.5063,98.1431,99.1513,99.4684,98.2206,98.3304,98.0321,99.3388,99.3836,97.5323,99.9639,99.9828,99.3639,98.1569,98.0828,98.3584,98.2488,98.825,97.9887,98.0641,96.9169,98.4776,98.536,98.4777,98.6056,98.5453,98.1539,98.28,99.215,98.2418,98.3139,98.0892,99.2264,98.8127,98.3724,97.312,99.2086,97.6538,98.2348,98.4686
GCF_002078975.4_ASM207897v5_genomic.fna,98.098,98.127,96.8903,97.994,97.9735,98.039,97.9913,97.9604,97.9461,98.2431,98.1063,98.018,98.6756,98.2713,98.2842,98.1637,98.2374,98.0339,98.2247,97.6248,98.0964,97.22,98.5392,98.1729,97.9594,98.7864,98.1179,98.2018,98.2462,100.0,98.704,98.3223,97.3606,98.6017,98.387,98.0496,98.0385,98.1283,98.5545,98.3224,98.2529,96.9987,98.2612,98.2926,98.4586,98.2661,98.3023,98.2757,98.4994,98.2961,97.109,97.7461,98.284,98.1874,98.2764,98.1884,98.302,98.4145,98.1917,98.1013,98.386,98.1067,98.1692,98.4346,98.2082,98.2373,98.3777,98.2638,98.278,98.2964,98.1871,97.7241,98.1718,98.3127,98.1142,98.525,98.2556,98.4946,98.4977,98.1562,98.1172,98.4559,97.0502,99.376,98.4683,99.376,98.6098,98.6133,98.5767,98.4792,98.2337,98.6724,98.7114,98.2902,98.2552,98.2696,98.6155,97.3801,98.1388,97.4859,98.0109,98.2657
GCF_002078995.3_ASM207899v3_genomic.fna,97.9804,98.2733,97.0968,98.3884,98.335,98.376,98.3078,98.169,97.9686,98.3474,98.2048,98.2131,98.7693,98.5375,98.3313,98.1739,98.3963,98.3335,98.2339,97.8804,98.3875,97.3999,98.8924,98.0749,98.0999,99.9975,98.1431,98.1074,98.4251,98.704,100.0,98.1786,97.463,98.6327,98.6122,98.4129,98.3082,98.1329,98.5412,98.3493,98.4236,97.2533,98.0974,98.6938,98.5973,98.5969,98.1918,98.1392,98.9853,98.2143,97.2347,98.0491,98.2538,98.2182,98.1754,98.2444,98.3844,98.263,98.2769,98.4611,98.1537,98.0896,98.0668,98.7945,98.1179,98.1875,98.408,98.4322,98.4567,98.1308,98.2533,97.8522,98.2164,98.1169,98.1525,98.6567,98.3487,98.9467,98.5219,98.3542,98.547,98.4213,97.3095,98.8836,98.7153,98.8837,98.7513,98.7392,98.981,98.9977,98.1968,98.9494,98.8827,98.9136,98.3985,98.3014,98.972,97.5481,98.0396,97.9005,98.3431,98.4826
GCF_002148215.1_ASM214821v1_genomic.fna,99.8391,99.1482,96.9365,98.2765,98.2599,98.2757,98.2856,98.0774,98.0183,98.0993,98.0598,98.0802,98.4597,98.0327,98.8584,98.9262,99.8222,98.0152,99.1276,97.672,97.8847,97.151,98.1906,99.7458,99.125,98.2162,99.0378,99.7698,99.1187,98.3223,98.1786,100.0,97.4417,98.4572,98.4062,98.2773,98.1454,99.8077,99.9334,99.8724,98.1838,96.9733,99.6733,98.0678,98.5602,98.1795,99.7672,99.7542,98.2744,99.0925,97.043,98.0577,99.0113,99.8136,99.0451,99.4246,99.7903,99.0826,98.3685,98.0253,99.7042,99.0288,99.1327,98.1842,99.7227,98.9853,98.2221,98.2125,98.1702,99.0695,99.0867,97.6476,99.0066,99.0696,99.0097,98.0711,98.0501,98.3213,98.2805,98.9513,98.0102,98.1511,96.968,98.4053,98.5428,98.4059,98.5513,98.5745,98.3483,98.268,99.7641,98.2892,98.2274,98.1714,98.976,98.8694,98.3485,97.554,98.9606,97.5401,98.066,98.4867
GCF_002441785.1_ASM244178v1_genomic.fna,97.4356,97.177,96.8187,97.5224,97.4905,97.5454,97.4558,97.2831,97.2611,97.1943,97.1338,97.1925,97.4704,97.3823,97.2748,97.4925,97.5661,97.2788,97.35,97.3972,97.4244,96.9528,97.4816,97.3386,97.4507,97.4938,97.2161,97.3309,97.4585,97.3606,97.463,97.4417,100.0,97.4251,97.2944,97.3665,97.3945,97.2849,97.7473,97.4361,97.5346,96.762,97.3686,97.1311,97.6022,97.1667,97.2233,97.3215,97.1019,97.3997,96.8511,97.1134,97.1304,97.4047,97.2009,97.1034,97.4855,97.3249,97.4213,97.1618,97.4013,97.2576,97.1565,97.1497,97.2351,97.2766,97.3838,97.6209,97.3827,97.298,97.2375,97.1518,97.3106,97.1841,97.1134,97.5386,97.3844,97.1129,97.4437,97.2548,97.1695,97.4371,96.6929,97.6637,97.6062,97.6641,97.54,97.5528,97.386,97.3034,97.3806,97.2968,97.591,97.3159,97.2207,97.1865,97.444,97.0116,97.2544,97.152,97.2043,97.4893
GCF_002804185.1_ASM280418v1_genomic.fna,98.4149,98.4289,97.1767,98.4158,98.3175,98.4605,98.4458,98.3187,98.2133,98.483,98.4554,98.3727,98.8406,98.4703,98.427,98.606,98.4627,98.4401,98.3738,97.8603,98.4718,97.4873,98.4718,98.3991,98.3565,98.6323,98.3419,98.3311,98.4689,98.6017,98.6327,98.4572,97.4251,100.0,99.9572,98.487,98.3749,98.2218,98.7651,98.438,98.465,97.2705,98.4939,98.3047,98.4205,99.9605,98.4154,98.3105,98.2712,98.3926,97.2985,98.2349,98.3044,98.2905,98.3229,98.4026,98.5653,98.4221,98.4845,99.0462,98.3774,98.3136,98.1452,98.2149,98.2411,98.2209,98.4159,98.4992,98.399,98.2026,98.3534,97.612,98.3606,98.2973,98.3356,98.4755,98.4475,98.2631,98.5501,98.3463,98.4342,98.4636,97.5236,98.5552,99.1995,98.555,99.2336,99.2735,98.6058,98.4889,98.3294,98.6111,98.4715,98.4973,98.3342,98.4806,98.5992,97.6038,98.2764,97.8256,98.4713,98.5886
GCF_002804285.1_ASM280428v1_genomic.fna,98.3365,98.2336,97.0972,98.3467,98.2908,98.3581,98.3574,98.3425,98.1912,98.3493,98.3762,98.392,98.7404,98.2863,98.4061,98.6416,98.4536,98.3923,98.3093,97.8389,98.3449,97.3352,98.3795,98.2477,98.1454,98.6115,98.1816,98.2668,98.3043,98.387,98.6122,98.4062,97.2944,99.9572,100.0,98.4463,98.3468,98.2393,98.7338,98.4215,98.451,97.1939,98.4057,98.3331,98.243,99.9934,98.4058,98.2751,98.285,98.3586,97.2921,98.2328,98.2653,98.2341,98.3071,98.3869,98.4472,98.3887,98.4628,99.0542,98.3212,98.3457,98.2251,98.2826,98.1592,98.3293,98.3278,98.4518,98.4017,98.2606,98.399,97.5937,98.2563,98.3462,98.3353,98.4757,98.3363,98.2539,98.4638,98.2941,98.3788,98.3373,97.4715,98.6053,99.1862,98.6052,99.2812,99.3229,98.5725,98.4775,98.2771,98.6702,98.5547,98.4164,98.2231,98.3606,98.5794,97.5763,98.2601,97.7455,98.4241,98.538
GCF_002895225.1_ASM289522v1_genomic.fna,98.1889,98.0206,97.4038,98.3824,98.4262,98.3833,98.3204,98.4514,98.316,98.5678,98.5853,98.584,98.3246,98.2519,98.1082,98.1848,98.197,98.2322,98.1092,97.9208,98.0955,97.4019,98.2715,98.0254,98.2742,98.4127,98.2065,98.108,98.1982,98.0496,98.4129,98.2773,97.3665,98.487,98.4463,100.0,98.5963,98.1459,98.4185,98.244,98.5202,97.4247,98.2016,98.0304,98.8001,98.3685,98.0905,98.2292,98.2444,98.1924,97.3872,98.2585,98.0646,98.0338,98.104,98.1622,98.2801,98.2294,98.5179,98.2327,98.1046,98.0058,98.164,98.1717,98.1869,98.2059,98.3887,98.5306,98.487,98.1575,98.2326,97.8685,98.0269,98.112,98.1294,98.2262,98.3861,98.164,98.662,98.1665,98.2766,98.3957,97.412,98.2887,98.5528,98.2885,98.4821,98.5177,98.3138,98.3108,98.3005,98.2102,98.2582,98.2859,98.1838,98.229,98.359,97.8097,98.1132,97.9126,98.2017,98.3754
GCF_003176835.1_ASM317683v1_genomic.fna,97.9619,98.1552,96.879,98.1184,98.1019,98.1666,98.1435,98.6375,98.1466,98.5437,98.5797,98.5621,98.5775,98.1453,98.1112,98.0893,98.3651,98.2995,98.067,97.7839,98.3799,97.4589,98.2403,98.097,98.2339,98.3121,97.8994,98.1119,98.149,98.0385,98.3082,98.1454,97.3945,98.3749,98.3468,98.5963,100.0,97.9855,98.5673,98.2598,98.7529,97.278,98.1297,97.8832,99.379,98.138,98.0748,98.0045,98.0887,98.0019,97.2571,97.9778,97.9486,97.9326,98.051,98.2045,98.2293,98.1322,98.6848,98.107,98.0931,98.0144,98.0168,97.9295,98.1032,97.9418,98.7219,98.665,98.5242,98.0305,98.1128,97.616,98.0792,98.0238,98.0293,98.2223,98.5456,98.0928,99.3705,98.0879,98.2586,98.5062,97.2783,98.5149,98.5389,98.5214,98.5797,98.5475,98.1858,98.2353,98.0991,98.2418,98.3604,98.2819,98.0573,98.0694,98.2916,97.6395,97.8438,97.6369,98.1152,98.525
GCF_003627395.2_ASM362739v2_genomic.fna,99.5835,98.984,96.848,98.0905,98.0266,98.0349,98.0037,97.9124,98.0325,98.1959,98.078,98.0397,98.4009,97.9069,98.7828,98.7381,99.8468,97.8459,99.0161,97.5682,97.9385,97.1007,98.0704,99.7117,98.8994,98.1263,98.8274,99.7115,99.0506,98.1283,98.1329,99.8077,97.2849,98.2218,98.2393,98.1459,97.9855,100.0,99.9145,99.9254,98.1278,96.999,99.6624,97.9141,98.4741,98.1026,99.7653,99.6927,98.2768,99.0714,96.9805,97.8763,98.989,99.7495,98.9503,99.2281,99.7198,98.9726,98.228,97.9744,99.6409,98.9841,99.0059,98.1112,99.7401,98.943,98.2437,98.2895,98.0139,98.9721,98.9316,97.3725,99.0384,98.9364,98.8588,98.0593,98.0379,98.1484,98.2199,98.9959,97.9042,98.1716,96.8083,98.4355,98.4994,98.4354,98.5355,98.4566,98.2899,98.2648,99.6584,98.2576,98.3005,98.1126,98.9603,98.8936,98.3281,97.3795,98.8958,97.4691,98.0138,98.4088
GCF_003722255.1_ASM372225v1_genomic.fna,99.9218,99.5108,97.3374,98.6625,98.5412,98.6165,98.6328,98.5359,98.5433,98.6123,98.5434,98.5512,98.6639,98.6221,99.3329,99.4704,99.982,98.4441,99.5819,97.9729,98.4306,97.3604,98.639,99.9382,99.4717,98.5528,99.4671,99.9428,99.5373,98.5545,98.5412,99.9334,97.7473,98.7651,98.7338,98.4185,98.5673,99.9145,100.0,99.9676,98.6471,97.4132,99.9402,98.5995,98.6809,98.7312,99.9118,99.9331,98.7131,99.4988,97.4463,98.6523,99.4185,99.8722,99.4358,99.6522,99.9317,99.4281,98.633,98.6078,99.8755,99.3982,99.4115,98.6601,99.9121,99.4719,98.648,98.6442,98.6617,99.4483,99.3698,97.9906,99.4348,99.4609,99.3397,98.551,98.6475,98.6452,98.5262,99.3637,98.5261,98.6017,97.3238,98.6827,98.6836,98.6829,98.7055,98.6644,98.5925,98.6085,99.8973,98.6498,98.6662,98.609,99.3734,99.3897,98.6657,97.898,99.4588,97.8914,98.5547,98.7423
GCF_003722275.1_ASM372227v1_genomic.fna,99.8287,99.2051,97.1185,98.3935,98.3604,98.3893,98.3583,98.2532,98.3672,98.2179,98.3031,98.3161,98.5128,98.1528,99.0576,99.2411,99.9902,98.1558,99.2785,97.7713,98.0593,97.3101,98.4466,99.9193,99.1833,98.3544,99.1883,99.9082,99.2923,98.3224,98.3493,99.8724,97.4361,98.438,98.4215,98.244,98.2598,99.9254,99.9676,100.0,98.3639,97.2371,99.8867,98.3402,98.5611,98.4258,99.9177,99.941,98.4301,99.2944,97.1312,98.4376,99.1212,99.843,99.1559,99.4874,99.8872,99.0775,98.4336,98.1859,99.8603,99.1487,99.1647,98.3943,99.87,99.1795,98.309,98.5502,98.363,99.2183,99.1273,97.6961,99.1112,99.1868,99.1249,98.2104,98.2351,98.3462,98.2649,98.9842,98.1714,98.1488,97.0781,98.54,98.4785,98.5339,98.5347,98.5302,98.2751,98.3026,99.8675,98.3839,98.3197,98.3547,99.1086,99.0999,98.3971,97.5824,99.2076,97.6812,98.4051,98.5141
GCF_004194355.1_ASM419435v1_genomic.fna,98.1935,98.1831,97.4389,98.7159,98.7535,98.7143,98.7388,98.5045,98.5653,98.6438,98.7001,98.6216,98.4841,98.4559,98.1743,98.2246,98.344,98.3373,98.2063,97.8594,98.4398,97.413,98.3801,98.1637,98.2452,98.4517,98.1349,98.1653,98.169,98.2529,98.4236,98.1838,97.5346,98.465,98.451,98.5202,98.7529,98.1278,98.6471,98.3639,100.0,97.3912,98.2493,98.1429,98.7608,98.3868,98.2663,98.0928,98.2915,98.293,97.3137,98.6607,98.2576,98.1681,98.2548,98.2124,98.2825,98.2222,99.7487,98.1981,98.2476,98.0559,98.163,98.2876,98.1335,98.1602,98.791,99.0725,99.1613,98.2489,98.0619,97.8759,98.2569,98.2458,98.2704,98.3742,98.8453,98.2868,98.7295,98.3101,98.3575,98.7284,97.3675,98.4074,98.461,98.4071,98.4229,98.4355,98.5017,98.42,98.2684,98.5255,98.4356,98.5601,98.3104,98.1938,98.5907,97.7634,98.1292,97.7866,98.0366,98.8223
GCF_007954765.1_ASM795476v1_genomic.fna,96.9125,97.0319,98.9574,97.17,97.1087,97.1632,97.1655,97.1526,97.031,97.2878,97.2553,97.201,97.3154,97.1784,96.9913,97.1301,97.2342,97.3478,97.0531,97.2094,97.272,98.9876,97.3135,97.049,97.0532,97.2251,97.0078,97.0574,97.197,96.9987,97.2533,96.9733,96.762,97.2705,97.1939,97.4247,97.278,96.999,97.4132,97.2371,97.3912,100.0,96.9571,96.8709,97.3299,97.0987,97.0279,97.1636,97.0716,97.0758,99.095,97.0476,97.0894,96.8367,96.9807,97.0418,97.0509,96.92,97.3603,97.1674,97.0729,97.0538,96.9067,96.9382,96.9857,96.9519,97.3681,97.366,97.295,96.8754,97.0635,97.0968,97.0334,97.0463,97.1318,97.1973,97.1583,97.1145,97.4067,96.9805,97.1807,97.3137,99.0433,97.2401,97.4709,97.2399,97.4178,97.4563,97.1294,97.2953,97.0325,97.0759,97.3251,97.1511,97.0302,97.0245,97.1231,97.3727,96.9914,97.2428,97.2326,97.4747
GCF_008728875.1_ASM872887v1_genomic.fna,99.6161,99.0805,97.0322,98.2419,98.1967,98.2214,98.1623,98.126,98.0081,98.153,98.1161,98.0811,98.393,98.0446,98.8462,99.0486,99.8772,98.0032,99.0634,97.7343,97.958,97.1891,98.3029,99.5763,99.0693,98.0586,98.9206,99.638,99.101,98.2612,98.0974,99.6733,97.3686,98.4939,98.4057,98.2016,98.1297,99.6624,99.9402,99.8867,98.2493,96.9571,100.0,98.0317,98.4438,98.1787,99.7337,99.7392,98.2869,99.0062,97.0099,97.9269,99.0074,99.7201,98.994,99.2305,99.9109,98.9674,98.278,97.9788,99.6817,98.8539,99.0096,98.2043,99.6457,99.0431,98.2697,98.1533,98.1246,99.0791,98.9418,97.4736,98.907,99.0243,99.0577,97.9887,98.0377,98.2591,98.2876,98.8757,97.8357,98.0753,96.9335,98.378,98.555,98.3905,98.5435,98.535,98.1104,98.1086,99.6422,98.2458,98.3378,97.9479,98.9343,98.8852,98.2746,97.2313,98.9459,97.5516,97.964,98.4801
GCF_013395015.3_ASM1339501v3_genomic.fna,97.9953,98.2078,96.8021,97.8103,97.7845,97.8477,97.8668,97.9097,97.9368,97.97,97.9466,97.9568,98.6571,98.4516,98.2697,98.1696,98.3272,97.949,98.0991,97.4789,97.9167,97.0792,98.6827,98.0529,98.2087,98.8224,97.9522,98.0324,98.0867,98.2926,98.6938,98.0678,97.1311,98.3047,98.3331,98.0304,97.8832,97.9141,98.5995,98.3402,98.1429,96.8709,98.0317,100.0,98.3581,98.1789,98.1814,98.1538,99.5144,98.1416,97.0135,97.847,98.0851,98.1461,98.1397,98.2465,98.2975,98.2873,98.0869,97.9619,98.2996,98.0211,98.053,99.4577,98.1851,98.1472,98.1866,98.2396,97.9046,98.1066,98.0623,97.4379,98.0409,98.1402,98.102,98.6293,98.0805,99.3719,98.1121,98.1891,98.4141,98.2121,96.9729,98.7695,98.4701,98.7696,98.5592,98.565,98.6299,98.6621,98.2145,98.6856,98.8104,98.5333,98.5188,98.0258,98.5351,97.4813,98.0269,97.5022,98.0372,98.3272
GCF_014334715.1_ASM1433471v1_genomic.fna,98.3884,98.4672,97.3734,98.6231,98.6127,98.6681,98.6639,98.8434,98.5636,98.8107,98.7887,98.7968,98.4319,98.4922,98.4434,98.4923,98.5572,98.4056,98.4539,97.9825,98.517,97.5165,98.4418,98.4319,98.3952,98.5969,98.4317,98.3713,98.3979,98.4586,98.5973,98.5602,97.6022,98.4205,98.243,98.8001,99.379,98.4741,98.6809,98.5611,98.7608,97.3299,98.4438,98.3581,100.0,98.4255,98.423,98.4065,98.4265,98.3985,97.4236,98.5701,98.3118,98.3781,98.3701,98.3685,98.4434,98.36,98.6833,98.5485,98.4066,98.3774,98.3733,98.3194,98.4281,98.2981,98.6075,98.7367,98.6037,98.4631,98.3816,97.8943,98.3931,98.3842,98.3487,98.4465,98.712,98.4652,99.4085,98.3884,98.4201,98.7249,97.4268,98.6385,98.7278,98.6328,98.6735,98.6059,98.4198,98.3788,98.4662,98.4065,98.4796,98.4615,98.3405,98.4032,98.386,97.7834,98.2496,97.9075,98.383,98.7385
GCF_014884605.1_ASM1488460v1_genomic.fna,98.0573,98.0617,97.0221,98.2511,98.1511,98.2472,98.1619,98.0624,98.0288,98.1799,98.214,98.1629,98.6449,98.1512,98.1461,98.2918,98.4086,98.3231,98.2614,97.7694,98.2733,97.3283,98.5362,98.0987,97.95,98.6081,98.1326,98.0849,98.2463,98.2661,98.5969,98.1795,97.1667,99.9605,99.9934,98.3685,98.138,98.1026,98.7312,98.4258,98.3868,97.0987,98.1787,98.1789,98.4255,100.0,98.247,98.1937,98.2641,98.1725,97.2544,98.0723,98.1376,98.1674,98.1902,98.1914,98.363,98.2896,98.4609,98.9242,98.2643,98.1017,98.1597,98.2263,98.2143,98.1918,98.4079,98.4538,98.4002,98.2367,98.2934,97.598,98.0701,98.1744,98.2502,98.44,98.3388,98.2536,98.4205,98.2074,98.212,98.444,97.4353,98.6167,99.138,98.6434,99.2702,99.2564,98.5674,98.5753,98.1352,98.591,98.4729,98.3394,98.1204,98.3058,98.5539,97.572,98.0016,97.6851,98.1928,98.5349
GCF_016027975.1_ASM1602797v1_genomic.fna,99.6329,99.2247,97.0513,98.2449,98.2538,98.2714,98.2703,97.9085,97.9421,98.0632,98.0911,97.9531,98.427,97.9569,98.8713,99.0486,99.9116,97.9339,99.1308,97.7029,98.0455,97.2321,98.2448,99.6779,99.1767,98.1966,99.1192,99.6855,99.2307,98.3023,98.1918,99.7672,97.2233,98.4154,98.4058,98.0905,98.0748,99.7653,99.9118,99.9177,98.2663,97.0279,99.7337,98.1814,98.423,98.247,100.0,99.7902,98.4588,99.0472,96.8905,98.0734,98.9968,99.7998,98.9887,99.2606,99.7598,99.0461,98.119,98.0676,99.5786,98.9698,98.9713,98.2245,99.6622,99.0708,98.2705,98.089,98.0102,99.0141,99.0372,97.5189,98.9079,98.995,99.1511,97.9157,98.0572,98.4014,98.1477,98.9454,97.8182,98.0655,96.9989,98.3647,98.4475,98.3645,98.4665,98.5114,98.1454,98.1572,99.6165,98.2222,98.235,97.9166,98.9655,98.9252,98.4462,97.224,98.9398,97.4925,97.9909,98.5427
GCF_016028815.1_ASM1602881v1_genomic.fna,99.643,99.0856,96.8326,98.292,98.2584,98.2963,98.3354,97.9782,98.1871,98.1439,98.1304,98.1874,98.5043,98.0283,99.043,99.0396,99.9253,98.1086,99.1999,97.7421,98.0385,97.2342,98.3295,99.7944,99.1392,98.1321,99.0949,99.8116,99.1363,98.2757,98.1392,99.7542,97.3215,98.3105,98.2751,98.2292,98.0045,99.6927,99.9331,99.941,98.0928,97.1636,99.7392,98.1538,98.4065,98.1937,99.7902,100.0,98.4135,99.1155,96.8477,98.2903,99.017,99.6323,98.971,99.2482,99.8884,98.9699,98.327,98.1134,99.625,98.9589,99.0319,98.0689,99.7884,99.081,98.1822,98.3513,98.1384,98.9564,99.069,97.4898,99.0056,99.0806,99.0536,98.1606,98.1686,98.277,98.38,98.8759,97.9327,98.1787,96.9333,98.4195,98.5653,98.4193,98.4742,98.5057,98.1734,98.2279,99.6277,98.2157,98.3258,98.0975,98.9591,99.0346,98.4349,97.314,99.0439,97.5175,98.2068,98.5199
GCF_016028835.1_ASM1602883v1_genomic.fna,98.1957,98.1833,96.8965,98.1912,98.2265,98.1719,98.1983,97.9912,98.0211,98.1674,98.2404,98.2633,98.7529,98.6418,98.5007,98.4508,98.4177,98.1202,98.2694,97.8201,98.0529,97.2347,98.8372,98.3145,98.1849,99.0005,98.0838,98.2544,98.352,98.4994,98.9853,98.2744,97.1019,98.2712,98.285,98.2444,98.0887,98.2768,98.7131,98.4301,98.2915,97.0716,98.2869,99.5144,98.4265,98.2641,98.4588,98.4135,100.0,98.4133,97.0996,98.1004,98.4063,98.3416,98.3526,98.3411,98.3868,98.4901,98.2179,98.2821,98.4396,98.4131,98.3481,99.4194,98.3493,98.4034,98.275,98.3585,98.1111,98.3589,98.3093,97.6487,98.4048,98.3878,98.2201,98.7861,98.0246,99.9956,98.1998,98.3547,98.6885,98.2726,97.168,98.8275,98.5664,98.8274,98.5702,98.5614,98.6533,98.7256,98.408,98.6441,98.9303,98.6437,98.467,98.4969,98.7761,97.5871,98.4194,97.6778,98.1642,98.4272
GCF_016127135.1_ASM1612713v1_genomic.fna,99.0399,99.5799,96.8236,98.4339,98.4211,98.4759,98.3695,98.1406,98.047,98.2028,98.1817,98.1987,98.4263,98.1352,98.9205,99.1079,99.2858,98.011,99.9835,97.8155,98.0772,97.1682,98.4169,99.0205,99.4689,98.282,99.3219,99.0452,99.3826,98.2961,98.2143,99.0925,97.3997,98.3926,98.3586,98.1924,98.0019,99.0714,99.4988,99.2944,98.293,97.0758,99.0062,98.1416,98.3985,98.1725,99.0472,99.1155,98.4133,100.0,97.2253,97.9259,99.2969,98.8941,99.4135,99.0396,99.4114,98.9075,98.1944,98.2726,99.1624,99.4071,99.5126,98.1536,99.1382,99.3201,98.2042,98.2759,98.0882,99.3599,99.5226,97.5779,99.3825,99.3649,99.5535,98.1875,98.063,98.2473,98.2434,98.9147,98.0932,98.1903,97.1972,98.4019,98.6331,98.4021,98.6778,98.5806,98.1539,98.3073,99.0342,98.299,98.3407,98.0923,99.1361,98.9237,98.4482,97.4502,99.1754,97.7504,98.2011,98.4838
GCF_016406265.1_ASM1640626v1_genomic.fna,96.9163,97.0957,99.2834,97.2158,97.2116,97.229,97.2062,97.0719,97.0223,97.1227,97.2154,97.233,97.2285,97.11,97.0426,97.1305,97.1055,97.3692,97.1516,97.1874,97.3226,99.0432,97.3117,96.9923,96.9889,97.2445,96.8659,96.9112,97.0304,97.109,97.2347,97.043,96.8511,97.2985,97.2921,97.3872,97.2571,96.9805,97.4463,97.1312,97.3137,99.095,97.0099,97.0135,97.4236,97.2544,96.8905,96.8477,97.0996,97.2253,100.0,97.186,97.0904,97.0337,97.0923,97.1628,97.2838,97.0928,97.3385,97.1904,97.1063,97.0521,97.1269,97.1572,97.0568,97.0088,97.2786,97.3929,97.3653,96.9394,97.0176,97.373,97.0482,97.1505,97.1577,97.276,97.3131,97.1948,97.3927,97.1807,97.3174,97.328,98.973,97.3995,97.5455,97.3991,97.4408,97.4866,97.1705,97.3213,97.0251,97.2411,97.3652,97.2348,97.2052,97.1526,97.2403,97.3941,97.0572,97.4631,97.2752,97.4871
GCF_016649195.2_ASM1664919v2_genomic.fna,97.8464,97.8519,96.899,98.2545,98.2155,98.2526,98.1751,98.387,99.9862,98.3037,98.5348,98.5382,98.3131,97.9476,97.7157,98.2145,98.3809,98.0735,97.9352,97.6356,98.0593,97.2962,98.1378,97.9644,97.898,98.0936,98.0999,97.9706,97.9316,97.7461,98.0491,98.0577,97.1134,98.2349,98.2328,98.2585,97.9778,97.8763,98.6523,98.4376,98.6607,97.0476,97.9269,97.847,98.5701,98.0723,98.0734,98.2903,98.1004,97.9259,97.186,100.0,97.9232,97.962,97.8945,97.9851,98.2716,98.0109,98.5509,98.0111,98.0383,97.7902,98.0189,98.1257,97.863,97.9346,98.6674,98.3696,98.4369,97.9175,98.1051,97.6441,97.8564,97.8903,97.6887,98.0119,98.6136,98.0761,98.5177,98.1761,97.6748,98.6961,97.1205,98.5233,98.453,98.5236,98.4695,98.5123,98.208,98.3018,98.0458,98.2144,98.1556,98.2173,98.1929,98.0219,98.2847,97.3528,97.8687,97.6199,97.9316,98.4889
GCF_016920995.2_ASM1692099v2_genomic.fna,98.9705,99.355,96.8471,98.2217,98.1816,98.24,98.2167,97.9955,97.792,98.1999,98.1329,98.1025,98.4426,97.9452,98.8438,98.865,99.1124,97.9384,99.3487,97.7129,97.9014,97.2562,98.2452,98.982,99.2983,98.2657,99.4001,98.9571,99.9607,98.284,98.2538,99.0113,97.1304,98.3044,98.2653,98.0646,97.9486,98.989,99.4185,99.1212,98.2576,97.0894,99.0074,98.0851,98.3118,98.1376,98.9968,99.017,98.4063,99.2969,97.0904,97.9232,100.0,98.8792,99.9768,99.0661,99.1515,98.8999,98.1544,98.1773,99.0849,99.8627,99.4273,98.0909,99.1092,99.4547,98.2061,98.2304,98.0422,99.3476,99.2939,97.4177,99.9159,99.9806,99.254,98.1273,98.0684,98.2269,98.2353,98.8104,97.9302,97.9987,96.8729,98.4637,98.5254,98.4713,98.5174,98.4828,98.0266,98.1161,99.1204,98.164,98.3356,98.0528,99.2045,98.8225,98.2898,97.2506,99.0897,97.5549,98.1247,98.4212
GCF_016921015.2_ASM1692101v2_genomic.fna,99.7949,99.0268,96.8654,98.1291,98.185,98.1159,98.0747,97.9912,98.0801,98.1674,98.1631,98.1473,98.3808,97.7607,98.701,98.9177,99.8336,97.9934,99.096,97.6809,97.8344,97.0999,98.1985,99.6505,99.0322,98.2376,98.9441,99.6607,98.9356,98.1874,98.2182,99.8136,97.4047,98.2905,98.2341,98.0338,97.9326,99.7495,99.8722,99.843,98.1681,96.8367,99.7201,98.1461,98.3781,98.1674,99.7998,99.6323,98.3416,98.8941,97.0337,97.962,98.8792,100.0,98.9912,99.3697,99.762,98.9803,98.2061,98.0435,99.662,98.9587,98.9016,98.1193,99.6772,99.0129,98.1844,98.3106,98.0663,99.0292,98.969,97.5866,98.9995,99.049,98.9681,98.0042,98.0615,98.2136,98.1625,98.7921,97.9714,97.9675,96.8056,98.457,98.5273,98.4569,98.4993,98.5064,98.1896,98.0852,99.7972,98.2258,98.132,97.9645,99.0184,98.8598,98.3502,97.3133,98.9375,97.5425,98.1592,98.3586
GCF_016952955.2_ASM1695295v2_genomic.fna,98.8951,99.3057,96.6816,98.226,98.1213,98.2101,98.2166,97.9486,97.8191,98.1755,98.1111,98.0548,98.5055,97.8435,98.8515,98.7975,99.1497,97.9935,99.4214,97.6982,97.9627,97.1301,98.1271,98.9518,99.2085,98.2044,99.4909,98.8889,99.8795,98.2764,98.1754,99.0451,97.2009,98.3229,98.3071,98.104,98.051,98.9503,99.4358,99.1559,98.2548,96.9807,98.994,98.1397,98.3701,98.1902,98.9887,98.971,98.3526,99.4135,97.0923,97.8945,99.9768,98.9912,100.0,99.0468,99.1044,98.916,98.0537,98.2041,99.0881,99.87,99.4094,98.0178,99.0816,99.432,98.185,98.2686,98.0999,99.3547,99.3098,97.4264,99.9091,99.9886,99.3116,98.0914,98.0666,98.2288,98.2503,98.7459,97.9692,97.9785,96.8622,98.4722,98.5012,98.472,98.5279,98.5095,98.0113,98.1841,99.0841,98.1669,98.3017,98.0069,99.2362,98.8755,98.3527,97.2588,99.0705,97.5173,98.1231,98.4063
GCF_017821195.2_ASM1782119v2_genomic.fna,99.2523,99.1143,96.9907,98.303,98.287,98.3472,98.1727,97.8777,98.037,98.2386,98.2359,98.2091,98.3935,98.0484,98.9317,98.9329,99.4789,98.0578,99.0274,97.6957,98.1103,97.1471,98.3997,99.263,99.0595,98.2978,98.9975,99.2605,99.1687,98.1884,98.2444,99.4246,97.1034,98.4026,98.3869,98.1622,98.2045,99.2281,99.6522,99.4874,98.2124,97.0418,99.2305,98.2465,98.3685,98.1914,99.2606,99.2482,98.3411,99.0396,97.1628,97.9851,99.0661,99.3697,99.0468,100.0,99.3619,99.1482,98.2666,98.2236,99.3026,99.0235,99.0733,98.106,99.2502,99.0944,98.3213,98.2954,98.0849,99.1767,99.0238,97.4665,98.9734,99.097,99.1228,98.0977,98.0151,98.3682,98.1278,99.0161,97.9837,98.2257,96.9687,98.325,98.533,98.3253,98.5722,98.5122,98.1143,98.3025,99.2929,98.1903,98.3917,98.1384,99.0689,98.9471,98.3794,97.3204,98.9381,97.446,98.1304,98.5254
GCF_017869415.1_ASM1786941v1_genomic.fna,99.7783,99.1887,97.0043,98.3099,98.3338,98.3124,98.2814,98.2397,98.2531,98.2917,98.3736,98.3266,98.5298,98.344,98.9832,99.2381,99.883,98.1182,99.4148,97.7706,98.0004,97.2375,98.3762,99.7837,99.2476,98.4278,99.1294,99.7686,99.2044,98.302,98.3844,99.7903,97.4855,98.5653,98.4472,98.2801,98.2293,99.7198,99.9317,99.8872,98.2825,97.0509,99.9109,98.2975,98.4434,98.363,99.7598,99.8884,98.3868,99.4114,97.2838,98.2716,99.1515,99.762,99.1044,99.3619,100.0,99.1329,98.2551,98.1835,99.7144,99.0903,99.1404,98.222,99.7346,99.1835,98.2726,98.2561,98.2647,99.1844,99.1161,97.5667,99.0859,99.1067,99.0017,98.2589,98.1333,98.2628,98.2518,98.9506,98.224,98.1334,97.0366,98.3919,98.5619,98.3918,98.4593,98.4881,98.1704,98.155,99.7774,98.3697,98.357,98.1884,99.0478,98.947,98.3536,97.5046,99.1299,97.7705,98.319,98.4813
GCF_020221755.1_ASM2022175v1_genomic.fna,98.9888,99.0279,96.9288,98.2753,98.1822,98.2398,98.3034,97.9698,98.0095,98.1955,98.1446,98.1106,98.5705,98.1423,99.3637,99.3613,99.0478,98.0304,98.8833,97.7925,97.9796,97.1294,98.334,99.0161,98.7946,98.298,98.8587,99.0234,98.9347,98.4145,98.263,99.0826,97.3249,98.4221,98.3887,98.2294,98.1322,98.9726,99.4281,99.0775,98.2222,96.92,98.9674,98.2873,98.36,98.2896,99.0461,98.9699,98.4901,98.9075,97.0928,98.0109,98.8999,98.9803,98.916,99.1482,99.1329,100.0,98.3357,98.1362,99.0424,98.8669,98.8486,98.2408,99.0609,98.8258,98.3316,98.4122,98.1774,98.9633,98.8611,97.621,98.8246,98.8655,98.9196,98.139,98.1233,98.3684,98.3891,99.4881,97.9246,98.1961,97.0311,98.4467,98.5721,98.4466,98.5154,98.469,98.2355,98.3129,99.0087,98.3731,98.3087,98.1485,98.9215,99.2693,98.4137,97.3234,98.873,97.5561,98.1333,98.478
GCF_020463755.1_ASM2046375v1_genomic.fna,98.2201,98.2333,97.395,98.6319,98.6092,98.6242,98.6491,98.5621,98.595,98.7353,98.7624,98.7077,98.3833,98.3741,98.2186,98.315,98.3895,98.3226,98.2018,97.7985,98.3211,97.3796,98.2949,98.2268,98.3439,98.294,98.1961,98.2326,98.1257,98.1917,98.2769,98.3685,97.4213,98.4845,98.4628,98.5179,98.6848,98.228,98.633,98.4336,99.7487,97.3603,98.278,98.0869,98.6833,98.4609,98.119,98.327,98.2179,98.1944,97.3385,98.5509,98.1544,98.2061,98.0537,98.2666,98.2551,98.3357,100.0,98.2199,98.2494,98.1086,98.1016,98.3074,98.3005,98.2966,98.8081,99.1008,99.1221,98.1674,98.2614,97.8869,98.1195,98.18,98.24,98.3235,98.8232,98.2201,98.792,98.2149,98.5046,98.7019,97.4518,98.5335,98.5318,98.5334,98.5592,98.5278,98.5101,98.5422,98.2993,98.4221,98.3512,98.5194,98.3306,98.22,98.438,97.7837,98.257,97.8555,98.2298,98.7668
GCF_022494905.1_ASM2249490v1_genomic.fna,97.9676,98.1148,96.8152,98.2514,98.2553,98.2513,98.0941,98.0369,98.0297,98.1963,98.2314,98.201,98.6047,98.2399,98.0308,98.2776,98.1893,97.8952,98.252,97.7523,97.9461,97.3956,98.4796,98.0503,98.0862,98.5225,98.142,98.0182,98.2614,98.1013,98.4611,98.0253,97.1618,99.0462,99.0542,98.2327,98.107,97.9744,98.6078,98.1859,98.1981,97.1674,97.9788,97.9619,98.5485,98.9242,98.0676,98.1134,98.2821,98.2726,97.1904,98.0111,98.1773,98.0435,98.2041,98.2236,98.1835,98.1362,98.2199,100.0,98.2052,98.338,98.3706,98.0786,98.1012,98.2271,98.2096,98.3636,98.1579,98.2791,98.3206,97.4549,98.3107,98.4044,98.1479,98.3913,98.2687,98.2955,98.3611,98.2281,98.383,98.1262,97.1297,98.5626,99.7636,98.5625,99.6979,99.6663,98.1027,98.5711,98.1528,98.1548,98.504,98.3681,98.1619,98.4478,98.3196,97.5149,98.0948,97.8033,98.3291,98.4068
GCF_022670815.1_ASM2267081v1_genomic.fna,99.6233,98.9519,96.8698,98.1722,98.0743,98.1621,98.0438,98.0471,98.073,98.1432,98.1258,98.0737,98.4749,97.8621,99.0,98.9338,99.8512,98.0189,99.1484,97.7143,98.0234,97.1469,98.263,99.5602,99.0675,98.0537,99.1364,99.6635,99.141,98.386,98.1537,99.7042,97.4013,98.3774,98.3212,98.1046,98.0931,99.6409,99.8755,99.8603,98.2476,97.0729,99.6817,98.2996,98.4066,98.2643,99.5786,99.625,98.4396,99.1624,97.1063,98.0383,99.0849,99.662,99.0881,99.3026,99.7144,99.0424,98.2494,98.2052,100.0,98.9758,99.033,98.1224,99.5951,99.1249,98.3574,98.1668,98.1103,99.0387,99.0553,97.4127,98.9957,99.08,98.9326,98.1683,98.0132,98.2571,98.2045,98.9507,97.988,98.1572,96.8902,98.3244,98.5011,98.336,98.5629,98.5337,98.1892,98.2549,99.642,98.1536,98.2625,98.0366,98.9705,98.9509,98.4042,97.3197,99.0869,97.5855,98.067,98.4626
GCF_022809755.1_ASM2280975v1_genomic.fna,98.9711,99.3214,96.77,98.1214,98.1032,98.1731,98.1623,97.947,97.6859,98.0183,97.9624,97.9785,98.4435,97.9094,98.8661,98.8291,99.1328,97.8683,99.3776,97.7148,97.8052,97.2048,98.1507,98.9876,99.2291,98.2266,99.427,99.0349,99.9522,98.1067,98.0896,99.0288,97.2576,98.3136,98.3457,98.0058,98.0144,98.9841,99.3982,99.1487,98.0559,97.0538,98.8539,98.0211,98.3774,98.1017,98.9698,98.9589,98.4131,99.4071,97.0521,97.7902,99.8627,98.9587,99.87,99.0235,99.0903,98.8669,98.1086,98.338,98.9758,100.0,99.4322,98.0584,99.0708,99.4738,98.2866,98.2458,98.0058,99.3351,99.2777,97.473,99.9536,99.9426,99.2577,98.1806,98.1243,98.1985,98.3535,98.7547,97.9442,98.0425,96.983,98.4816,98.5126,98.4815,98.5591,98.5807,98.1695,98.2248,98.9978,98.2478,98.3746,98.0588,99.118,98.7822,98.4294,97.2074,99.1168,97.5054,98.0862,98.4646
GCF_023078515.1_ASM2307851v1_genomic.fna,98.9256,99.3961,96.7826,98.2643,98.2636,98.2723,98.2141,97.8961,98.0134,98.0342,98.0514,98.0346,98.3621,98.0111,98.9055,98.9307,99.1463,97.959,99.5015,97.8078,97.8961,97.1725,98.3387,99.0134,99.2543,98.1106,99.5058,98.9811,99.5063,98.1692,98.0668,99.1327,97.1565,98.1452,98.2251,98.164,98.0168,99.0059,99.4115,99.1647,98.163,96.9067,99.0096,98.053,98.3733,98.1597,98.9713,99.0319,98.3481,99.5126,97.1269,98.0189,99.4273,98.9016,99.4094,99.0733,99.1404,98.8486,98.1016,98.3706,99.033,99.4322,100.0,98.1917,99.0783,99.5762,98.2102,98.3238,98.1634,99.3153,99.3112,97.5131,99.5109,99.5059,99.2951,98.2875,98.1078,98.2019,98.2385,98.7598,98.075,98.0031,97.114,98.4891,98.5885,98.4895,98.5609,98.5973,98.2666,98.3173,99.0992,98.2318,98.451,98.132,99.1117,98.8088,98.432,97.2997,99.1523,97.6083,98.132,98.3664
GCF_023206755.1_ASM2320675v1_genomic.fna,98.2397,98.2443,96.8627,98.1358,98.0318,98.1214,97.9966,98.0445,98.1087,98.1877,98.2709,98.2088,98.794,98.3808,98.2378,98.3561,98.38,98.0176,98.21,97.743,97.9979,97.1304,98.7253,98.1124,98.1812,98.7932,98.1646,98.1686,98.1431,98.4346,98.7945,98.1842,97.1497,98.2149,98.2826,98.1717,97.9295,98.1112,98.6601,98.3943,98.2876,96.9382,98.2043,99.4577,98.3194,98.2263,98.2245,98.0689,99.4194,98.1536,97.1572,98.1257,98.0909,98.1193,98.0178,98.106,98.222,98.2408,98.3074,98.0786,98.1224,98.0584,98.1917,100.0,98.1781,98.2278,98.0805,98.3552,98.1413,98.334,98.2205,97.769,98.1229,98.154,98.225,98.6401,97.9645,99.2766,98.272,98.1996,98.5844,98.1392,97.226,98.7516,98.5449,98.7516,98.5527,98.5598,98.714,98.4806,98.2081,98.6318,98.8137,98.3812,98.2235,98.2484,98.8362,97.5636,98.0867,97.668,98.0277,98.3619
GCF_023611865.3_ASM2361186v3_genomic.fna,99.5732,99.0993,96.7457,97.9695,97.9993,97.94,97.9566,98.0091,97.8694,98.0897,97.9963,97.9497,98.4802,97.8633,98.8522,99.0094,99.8605,98.1107,99.0839,97.7014,97.973,97.1864,98.1913,99.9823,99.1225,98.1677,99.0598,99.9908,99.1513,98.2082,98.1179,99.7227,97.2351,98.2411,98.1592,98.1869,98.1032,99.7401,99.9121,99.87,98.1335,96.9857,99.6457,98.1851,98.4281,98.2143,99.6622,99.7884,98.3493,99.1382,97.0568,97.863,99.1092,99.6772,99.0816,99.2502,99.7346,99.0609,98.3005,98.1012,99.5951,99.0708,99.0783,98.1781,100.0,99.0274,98.3132,98.2375,98.1655,98.8863,98.9453,97.4108,99.0451,98.9272,98.9814,97.9761,98.0371,98.1486,98.1876,98.8455,97.959,98.0822,96.877,98.4712,98.4867,98.4834,98.5135,98.5499,98.1741,98.2775,99.7099,98.1768,98.1859,98.0716,98.8735,98.9212,98.2309,97.3348,98.9042,97.5308,98.0633,98.5849
GCF_023611885.1_ASM2361188v1_genomic.fna,98.9856,99.2723,96.7678,98.1516,98.1881,98.1593,98.2297,97.9136,97.8967,98.1524,98.1317,98.1137,98.4404,98.1033,98.8517,98.9105,99.1715,97.9835,99.3388,97.7242,97.9435,97.1734,98.2415,99.0173,99.0977,98.1694,99.9956,99.0294,99.4684,98.2373,98.1875,98.9853,97.2766,98.2209,98.3293,98.2059,97.9418,98.943,99.4719,99.1795,98.1602,96.9519,99.0431,98.1472,98.2981,98.1918,99.0708,99.081,98.4034,99.3201,97.0088,97.9346,99.4547,99.0129,99.432,99.0944,99.1835,98.8258,98.2966,98.2271,99.1249,99.4738,99.5762,98.2278,99.0274,100.0,98.1805,98.2415,97.9883,99.2716,99.3541,97.5292,99.4443,99.4892,99.2392,98.149,97.9816,98.2058,98.0503,98.7818,97.8298,98.0607,96.8754,98.3797,98.6461,98.3868,98.6763,98.5971,98.285,98.2702,99.0475,98.2926,98.3918,97.9858,99.159,98.8164,98.4632,97.2601,99.1142,97.5437,98.0334,98.3958
GCF_023734735.1_ASM2373473v1_genomic.fna,98.2204,98.2984,97.3149,98.8155,98.7985,98.8131,98.7405,98.5103,98.7048,98.6416,98.662,98.7145,98.4462,98.3477,98.2589,98.3939,98.2785,98.3539,98.2409,97.904,98.2967,97.3215,98.2635,98.2923,98.278,98.4079,98.1611,98.2629,98.2206,98.3777,98.408,98.2221,97.3838,98.4159,98.3278,98.3887,98.7219,98.2437,98.648,98.309,98.791,97.3681,98.2697,98.1866,98.6075,98.4079,98.2705,98.1822,98.275,98.2042,97.2786,98.6674,98.2061,98.1844,98.185,98.3213,98.2726,98.3316,98.8081,98.2096,98.3574,98.2866,98.2102,98.0805,98.3132,98.1805,100.0,98.7224,98.6336,98.3035,98.1911,97.6014,98.122,98.1589,98.2497,98.1732,98.7982,98.1888,98.7056,98.2317,98.2977,99.8676,97.2864,98.5704,98.3697,98.5703,98.4297,98.4256,98.4162,98.3936,98.2155,98.3798,98.1748,98.3734,98.2704,98.2167,98.4737,97.7694,98.1169,97.9067,98.0728,98.5954
GCF_023734755.1_ASM2373475v1_genomic.fna,98.1784,98.2359,97.3969,98.5828,98.6427,98.5683,98.6229,98.4972,98.3774,98.6616,98.5786,98.5559,98.4739,98.4234,98.2803,98.4407,98.515,98.5089,98.2271,97.8225,98.4582,97.4914,98.4102,98.2716,98.308,98.4079,98.2749,98.2388,98.3304,98.2638,98.4322,98.2125,97.6209,98.4992,98.4518,98.5306,98.665,98.2895,98.6442,98.5502,99.0725,97.366,98.1533,98.2396,98.7367,98.4538,98.089,98.3513,98.3585,98.2759,97.3929,98.3696,98.2304,98.3106,98.2686,98.2954,98.2561,98.4122,99.1008,98.3636,98.1668,98.2458,98.3238,98.3552,98.2375,98.2415,98.7224,100.0,99.0673,98.3338,98.2468,97.8585,98.1703,98.2277,98.3044,98.3065,98.7024,98.377,98.7831,98.2651,98.3256,98.6434,97.4134,98.4789,98.6184,98.4791,98.5968,98.6017,98.372,98.4733,98.2757,98.3845,98.3903,98.5324,98.3659,98.2529,98.4765,97.8279,98.1699,97.7408,98.2285,98.7383
GCF_023809745.1_ASM2380974v1_genomic.fna,98.0043,98.0889,97.2379,98.6483,98.6742,98.6172,98.6239,98.5221,98.435,98.5762,98.687,98.7068,98.3913,98.4043,98.0635,98.1354,98.3397,98.2213,98.0451,97.8317,98.2655,97.4466,98.1813,98.1227,98.1233,98.4408,97.9723,98.1418,98.0321,98.278,98.4567,98.1702,97.3827,98.399,98.4017,98.487,98.5242,98.0139,98.6617,98.363,99.1613,97.295,98.1246,97.9046,98.6037,98.4002,98.0102,98.1384,98.1111,98.0882,97.3653,98.4369,98.0422,98.0663,98.0999,98.0849,98.2647,98.1774,99.1221,98.1579,98.1103,98.0058,98.1634,98.1413,98.1655,97.9883,98.6336,99.0673,100.0,98.1515,98.0971,97.6449,98.0517,98.1313,98.1635,98.2545,98.5686,98.0831,98.7288,98.1077,98.2282,98.5633,97.2313,98.4138,98.4943,98.4173,98.4581,98.479,98.3306,98.4914,98.2406,98.3707,98.2779,98.5659,98.2296,98.1667,98.595,97.5812,98.0504,97.7853,97.9511,98.636
GCF_023822185.1_ASM2382218v1_genomic.fna,98.9841,99.3075,96.7084,98.1206,98.1084,98.0705,98.0956,97.9452,97.9897,98.1022,98.1524,98.0802,98.4022,97.9926,98.8493,98.8198,99.1963,98.0934,99.3718,97.6781,97.9304,97.0068,98.2555,98.8949,99.3459,98.2562,99.3085,98.9633,99.3388,98.2964,98.1308,99.0695,97.298,98.2026,98.2606,98.1575,98.0305,98.9721,99.4483,99.2183,98.2489,96.8754,99.0791,98.1066,98.4631,98.2367,99.0141,98.9564,98.3589,99.3599,96.9394,97.9175,99.3476,99.0292,99.3547,99.1767,99.1844,98.9633,98.1674,98.2791,99.0387,99.3351,99.3153,98.334,98.8863,99.2716,98.3035,98.3338,98.1515,100.0,99.4183,97.401,99.3172,99.4265,99.3781,98.1195,98.2837,98.2861,98.2776,98.7207,97.8509,98.1965,97.0502,98.4474,98.5246,98.4472,98.5727,98.5491,98.1104,98.3943,99.0506,98.1802,98.3677,98.0811,99.1576,98.9405,98.4534,97.373,99.0526,97.5175,98.1657,98.5552
GCF_023822205.1_ASM2382220v1_genomic.fna,98.8955,99.4084,96.8986,98.2252,98.2653,98.2805,98.3365,97.9134,98.0467,98.1506,98.1912,98.1946,98.4107,98.0933,98.8909,98.9608,99.1138,97.9669,99.5127,97.6909,98.0213,97.117,98.3795,98.9918,99.2108,98.1877,99.2593,99.0222,99.3836,98.1871,98.2533,99.0867,97.2375,98.3534,98.399,98.2326,98.1128,98.9316,99.3698,99.1273,98.0619,97.0635,98.9418,98.0623,98.3816,98.2934,99.0372,99.069,98.3093,99.5226,97.0176,98.1051,99.2939,98.969,99.3098,99.0238,99.1161,98.8611,98.2614,98.3206,99.0553,99.2777,99.3112,98.2205,98.9453,99.3541,98.1911,98.2468,98.0971,99.4183,100.0,97.5846,99.3632,99.3252,99.3916,98.1469,98.0873,98.2739,98.1736,98.7363,97.9072,98.1128,96.9287,98.4203,98.5457,98.4199,98.5781,98.5085,98.1533,98.2023,99.1511,98.2199,98.374,98.1674,99.1861,98.9084,98.3572,97.2906,99.2544,97.6781,98.0727,98.4925
GCF_024205345.1_ASM2420534v1_genomic.fna,97.6564,97.6341,97.0198,97.7788,97.6884,97.8043,97.7985,97.607,97.6231,97.5367,97.5418,97.6342,97.8171,97.5413,97.5286,97.5754,97.6928,97.4833,97.6197,98.9246,97.5027,97.0472,97.8132,97.4243,97.4702,97.8502,97.4645,97.4186,97.5323,97.7241,97.8522,97.6476,97.1518,97.612,97.5937,97.8685,97.616,97.3725,97.9906,97.6961,97.8759,97.0968,97.4736,97.4379,97.8943,97.598,97.5189,97.4898,97.6487,97.5779,97.373,97.6441,97.4177,97.5866,97.4264,97.4665,97.5667,97.621,97.8869,97.4549,97.4127,97.473,97.5131,97.769,97.4108,97.5292,97.6014,97.8585,97.6449,97.401,97.5846,100.0,97.266,97.2949,97.6044,97.5695,97.6175,97.7397,97.7151,97.5212,97.5763,97.6424,96.9335,97.7833,97.6952,97.7833,97.8005,97.7245,97.6032,97.6448,97.5644,97.5884,97.6598,97.6503,97.4873,97.6449,97.7219,97.56,97.3803,98.5728,97.376,97.9155
GCF_024665635.1_ASM2466563v1_genomic.fna,98.8967,99.3299,96.8026,98.2168,98.1872,98.2098,98.2088,97.9885,97.731,98.0137,98.0217,98.0052,98.4839,97.8484,98.7699,98.7112,99.1026,97.8788,99.4061,97.72,97.8036,97.2068,98.1979,99.0749,99.2805,98.246,99.507,99.0447,99.9639,98.1718,98.2164,99.0066,97.3106,98.3606,98.2563,98.0269,98.0792,99.0384,99.4348,99.1112,98.2569,97.0334,98.907,98.0409,98.3931,98.0701,98.9079,99.0056,98.4048,99.3825,97.0482,97.8564,99.9159,98.9995,99.9091,98.9734,99.0859,98.8246,98.1195,98.3107,98.9957,99.9536,99.5109,98.1229,99.0451,99.4443,98.122,98.1703,98.0517,99.3172,99.3632,97.266,100.0,99.9619,99.2453,98.0733,98.147,98.3048,98.3508,98.759,97.9524,97.932,96.953,98.4506,98.5258,98.4504,98.5195,98.4534,98.1259,98.2773,99.103,98.2333,98.3178,98.1727,99.1546,98.8692,98.363,97.3357,99.1691,97.5601,97.973,98.3578
GCF_025562895.2_ASM2556289v2_genomic.fna,98.9855,99.3348,96.8151,98.1974,98.1815,98.2223,98.2291,98.0545,97.7991,98.2445,98.1133,98.0797,98.4911,97.939,98.8635,98.8904,99.1783,97.8858,99.3846,97.7148,97.9126,97.1666,98.2189,99.0153,99.3298,98.1336,99.4475,98.9518,99.9828,98.3127,98.1169,99.0696,97.1841,98.2973,98.3462,98.112,98.0238,98.9364,99.4609,99.1868,98.2458,97.0463,99.0243,98.1402,98.3842,98.1744,98.995,99.0806,98.3878,99.3649,97.1505,97.8903,99.9806,99.049,99.9886,99.097,99.1067,98.8655,98.18,98.4044,99.08,99.9426,99.5059,98.154,98.9272,99.4892,98.1589,98.2277,98.1313,99.4265,99.3252,97.2949,99.9619,100.0,99.2779,98.1347,98.0198,98.2581,98.2619,98.8164,97.938,98.0534,96.903,98.4729,98.5224,98.4728,98.5764,98.5065,98.0246,98.1933,99.0421,98.1798,98.3267,97.987,99.2546,98.8756,98.3121,97.2524,99.0967,97.5457,98.0934,98.3708
GCF_025562955.2_ASM2556295v3_genomic.fna,98.9101,99.908,96.9429,98.2928,98.2901,98.2944,98.2105,97.8365,97.7048,98.0578,98.0363,98.0238,98.4864,97.9444,98.8987,98.8388,99.1137,97.9566,99.5843,97.7749,97.9351,97.2395,98.3478,98.9474,99.4318,98.2046,99.2886,99.0125,99.3639,98.1142,98.1525,99.0097,97.1134,98.3356,98.3353,98.1294,98.0293,98.8588,99.3397,99.1249,98.2704,97.1318,99.0577,98.102,98.3487,98.2502,99.1511,99.0536,98.2201,99.5535,97.1577,97.6887,99.254,98.9681,99.3116,99.1228,99.0017,98.9196,98.24,98.1479,98.9326,99.2577,99.2951,98.225,98.9814,99.2392,98.2497,98.3044,98.1635,99.3781,99.3916,97.6044,99.2453,99.2779,100.0,98.2038,98.053,98.0549,98.298,98.7563,97.8084,98.1272,96.9969,98.5211,98.5746,98.5211,98.5555,98.4519,98.0527,98.225,99.0451,98.2176,98.4258,98.0113,99.1761,98.8909,98.3544,97.5128,99.2181,97.6467,97.9842,98.4708
GCF_027594765.1_ASM2759476v1_genomic.fna,98.0446,98.213,97.0144,98.227,98.1308,98.2348,98.1077,98.1217,98.0546,98.2343,98.2609,98.2601,98.7805,98.403,98.2092,98.1344,98.2012,98.114,98.1723,97.7765,98.0504,97.134,99.9809,98.0257,98.1024,98.6291,98.2582,97.9806,98.1569,98.525,98.6567,98.0711,97.5386,98.4755,98.4757,98.2262,98.2223,98.0593,98.551,98.2104,98.3742,97.1973,97.9887,98.6293,98.4465,98.44,97.9157,98.1606,98.7861,98.1875,97.276,98.0119,98.1273,98.0042,98.0914,98.0977,98.2589,98.139,98.3235,98.3913,98.1683,98.1806,98.2875,98.6401,97.9761,98.149,98.1732,98.3065,98.2545,98.1195,98.1469,97.5695,98.0733,98.1347,98.2038,100.0,98.1112,98.7651,98.4228,98.2494,98.5446,98.2949,97.101,99.0798,98.6282,99.079,98.6399,98.6234,98.6308,98.5789,97.9852,98.6788,99.9978,98.4986,98.1812,98.2777,98.6096,97.459,98.1276,97.7144,98.417,98.4008
GCF_028994235.1_ASM2899423v1_genomic.fna,98.0611,98.2011,97.2318,98.6664,98.6974,98.6758,98.6845,98.3996,98.6401,98.5378,98.6348,98.5701,98.4405,98.2571,98.062,98.263,98.1963,98.1842,98.0999,97.6737,98.1931,97.1814,98.1283,97.9899,98.246,98.4081,97.9176,98.0965,98.0828,98.2556,98.3487,98.0501,97.3844,98.4475,98.3363,98.3861,98.5456,98.0379,98.6475,98.2351,98.8453,97.1583,98.0377,98.0805,98.712,98.3388,98.0572,98.1686,98.0246,98.063,97.3131,98.6136,98.0684,98.0615,98.0666,98.0151,98.1333,98.1233,98.8232,98.2687,98.0132,98.1243,98.1078,97.9645,98.0371,97.9816,98.7982,98.7024,98.5686,98.2837,98.0873,97.6175,98.147,98.0198,98.053,98.1112,100.0,98.188,98.6982,98.1766,98.1164,98.8668,97.2718,98.512,98.4021,98.4774,98.3143,98.3451,98.3481,98.2514,98.088,98.3146,98.2138,98.267,98.2464,98.1813,98.3881,97.6347,98.0146,97.7184,97.9258,98.7409
GCF_029023865.1_ASM2902386v1_genomic.fna,98.1423,98.1162,97.027,98.1375,98.1371,98.1247,98.204,97.9289,98.0835,98.0679,98.0625,98.0817,98.8257,98.5742,98.3752,98.4807,98.3332,98.0299,98.3182,97.7938,97.9613,97.2764,98.7792,98.2705,98.121,98.9564,98.1966,98.2219,98.3584,98.4946,98.9467,98.3213,97.1129,98.2631,98.2539,98.164,98.0928,98.1484,98.6452,98.3462,98.2868,97.1145,98.2591,99.3719,98.4652,98.2536,98.4014,98.277,99.9956,98.2473,97.1948,98.0761,98.2269,98.2136,98.2288,98.3682,98.2628,98.3684,98.2201,98.2955,98.2571,98.1985,98.2019,99.2766,98.1486,98.2058,98.1888,98.377,98.0831,98.2861,98.2739,97.7397,98.3048,98.2581,98.0549,98.7651,98.188,100.0,98.1387,98.3064,98.6284,98.3448,97.1578,98.8098,98.5564,98.8095,98.5626,98.5782,98.7331,98.7061,98.441,98.7838,98.9545,98.6975,98.4646,98.4088,98.7762,97.5213,98.3715,97.6558,98.1267,98.4172
GCF_029542225.1_ASM2954222v1_genomic.fna,98.0995,98.2462,97.2807,98.6347,98.6506,98.6566,98.6159,98.7302,98.5328,98.8461,98.8599,98.7841,98.4292,98.4471,98.3527,98.1797,98.2622,98.454,98.2458,97.9218,98.4417,97.5167,98.4999,98.1494,98.356,98.5324,98.0965,98.2225,98.2488,98.4977,98.5219,98.2805,97.4437,98.5501,98.4638,98.662,99.3705,98.2199,98.5262,98.2649,98.7295,97.4067,98.2876,98.1121,99.4085,98.4205,98.1477,98.38,98.1998,98.2434,97.3927,98.5177,98.2353,98.1625,98.2503,98.1278,98.2518,98.3891,98.792,98.3611,98.2045,98.3535,98.2385,98.272,98.1876,98.0503,98.7056,98.7831,98.7288,98.2776,98.1736,97.7151,98.3508,98.2619,98.298,98.4228,98.6982,98.1387,100.0,98.2451,98.3932,98.7789,97.4562,98.5389,98.6103,98.5388,98.5874,98.5021,98.3941,98.3697,98.2903,98.4426,98.3845,98.4793,98.1669,98.192,98.352,97.7558,98.1195,97.867,98.2179,98.7091
GCF_029581115.1_ASM2958111v1_genomic.fna,98.8002,98.8787,96.8182,98.1566,98.1293,98.1637,98.2277,97.9377,98.1955,98.2019,98.1373,98.1067,98.4299,98.0288,99.2657,99.2431,98.9742,97.8614,98.9049,97.8512,97.9213,97.1431,98.3222,98.9379,98.8287,98.3821,98.8176,98.8643,98.825,98.1562,98.3542,98.9513,97.2548,98.3463,98.2941,98.1665,98.0879,98.9959,99.3637,98.9842,98.3101,96.9805,98.8757,98.1891,98.3884,98.2074,98.9454,98.8759,98.3547,98.9147,97.1807,98.1761,98.8104,98.7921,98.7459,99.0161,98.9506,99.4881,98.2149,98.2281,98.9507,98.7547,98.7598,98.1996,98.8455,98.7818,98.2317,98.2651,98.1077,98.7207,98.7363,97.5212,98.759,98.8164,98.7563,98.2494,98.1766,98.3064,98.2451,100.0,98.1708,98.22,96.9792,98.4302,98.5613,98.4297,98.5365,98.5333,98.1213,98.1962,98.9528,98.2126,98.3083,98.2147,98.8307,99.1629,98.468,97.4731,98.7036,97.5858,98.0711,98.4313
GCF_030437975.1_ASM3043797v1_genomic.fna,97.8017,97.9593,97.0848,97.8887,97.9082,97.8578,97.9025,97.901,97.7166,98.1525,98.1373,98.0878,98.6881,98.3743,97.8576,97.9819,98.164,98.1105,98.1005,97.7244,98.2683,97.3713,98.6155,97.9357,97.9332,98.6026,97.8078,97.9859,97.9887,98.1172,98.547,98.0102,97.1695,98.4342,98.3788,98.2766,98.2586,97.9042,98.5261,98.1714,98.3575,97.1807,97.8357,98.4141,98.4201,98.212,97.8182,97.9327,98.6885,98.0932,97.3174,97.6748,97.9302,97.9714,97.9692,97.9837,98.224,97.9246,98.5046,98.383,97.988,97.9442,98.075,98.5844,97.959,97.8298,98.2977,98.3256,98.2282,97.8509,97.9072,97.5763,97.9524,97.938,97.8084,98.5446,98.1164,98.6284,98.3932,98.1708,100.0,98.2152,97.3741,98.5841,98.387,98.5838,98.4325,98.4306,98.6324,98.748,98.0256,98.6454,98.6841,98.4874,98.2535,98.0935,98.7402,97.5391,97.8413,97.7189,98.1289,98.4227
GCF_030480465.1_ASM3048046v1_genomic.fna,98.0775,98.1787,97.2345,98.8193,98.8582,98.8193,98.8283,98.5606,98.6733,98.5728,98.5316,98.5264,98.4299,98.1317,98.3047,98.2249,98.1278,98.2826,98.2319,97.88,98.2941,97.3608,98.3199,98.0311,98.2073,98.4391,97.9574,98.0407,98.0641,98.4559,98.4213,98.1511,97.4371,98.4636,98.3373,98.3957,98.5062,98.1716,98.6017,98.1488,98.7284,97.3137,98.0753,98.2121,98.7249,98.444,98.0655,98.1787,98.2726,98.1903,97.328,98.6961,97.9987,97.9675,97.9785,98.2257,98.1334,98.1961,98.7019,98.1262,98.1572,98.0425,98.0031,98.1392,98.0822,98.0607,99.8676,98.6434,98.5633,98.1965,98.1128,97.6424,97.932,98.0534,98.1272,98.2949,98.8668,98.3448,98.7789,98.22,98.2152,100.0,97.3435,98.5755,98.5525,98.5755,98.5849,98.4619,98.4506,98.406,98.2594,98.3755,98.192,98.4998,98.2657,98.2,98.4816,97.7169,98.0185,97.8542,98.0176,98.6375
GCF_030489665.1_ASM3048966v1_genomic.fna,96.6662,97.0951,98.8625,97.1152,97.0439,97.074,97.0871,97.2403,97.1851,97.2253,97.2366,97.249,97.5789,97.1301,97.091,96.9812,97.0705,97.4675,97.1749,97.0541,97.4403,99.0448,97.0922,96.8123,97.0488,97.3515,96.9325,96.796,96.9169,97.0502,97.3095,96.968,96.6929,97.5236,97.4715,97.412,97.2783,96.8083,97.3238,97.0781,97.3675,99.0433,96.9335,96.9729,97.4268,97.4353,96.9989,96.9333,97.168,97.1972,98.973,97.1205,96.8729,96.8056,96.8622,96.9687,97.0366,97.0311,97.4518,97.1297,96.8902,96.983,97.114,97.226,96.877,96.8754,97.2864,97.4134,97.2313,97.0502,96.9287,96.9335,96.953,96.903,96.9969,97.101,97.2718,97.1578,97.4562,96.9792,97.3741,97.3435,100.0,97.3451,97.5339,97.3516,97.5465,97.4841,97.3749,97.3629,96.893,97.5242,97.337,97.3303,97.0406,96.968,97.362,97.3446,96.9335,97.3192,97.2356,97.3417
GCF_030931275.1_ASM3093127v1_genomic.fna,98.4048,98.5108,97.2032,98.617,98.6448,98.61,98.5726,98.5578,98.5801,98.5636,98.6722,98.5946,98.8936,98.5585,98.4732,98.4632,98.5361,98.4451,98.4074,97.7682,98.4783,97.269,99.1297,98.4323,98.5096,98.8764,98.397,98.4096,98.4776,99.376,98.8836,98.4053,97.6637,98.5552,98.6053,98.2887,98.5149,98.4355,98.6827,98.54,98.4074,97.2401,98.378,98.7695,98.6385,98.6167,98.3647,98.4195,98.8275,98.4019,97.3995,98.5233,98.4637,98.457,98.4722,98.325,98.3919,98.4467,98.5335,98.5626,98.3244,98.4816,98.4891,98.7516,98.4712,98.3797,98.5704,98.4789,98.4138,98.4474,98.4203,97.7833,98.4506,98.4729,98.5211,99.0798,98.512,98.8098,98.5389,98.4302,98.5841,98.5755,97.3451,100.0,98.6017,100.0,98.7413,98.693,98.3917,98.5078,98.3772,98.4507,99.166,98.5555,98.5048,98.4619,98.6459,97.599,98.4427,97.8198,98.425,98.446
GCF_030931315.1_ASM3093131v1_genomic.fna,98.4946,98.642,97.4573,98.5366,98.4955,98.5565,98.4892,98.3288,98.4841,98.5656,98.6226,98.6409,98.6888,98.5963,98.4841,98.6807,98.4625,98.3505,98.614,97.8815,98.2882,97.4537,98.6397,98.496,98.6041,98.7219,98.5952,98.4674,98.536,98.4683,98.7153,98.5428,97.6062,99.1995,99.1862,98.5528,98.5389,98.4994,98.6836,98.4785,98.461,97.4709,98.555,98.4701,98.7278,99.138,98.4475,98.5653,98.5664,98.6331,97.5455,98.453,98.5254,98.5273,98.5012,98.533,98.5619,98.5721,98.5318,99.7636,98.5011,98.5126,98.5885,98.5449,98.4867,98.6461,98.3697,98.6184,98.4943,98.5246,98.5457,97.6952,98.5258,98.5224,98.5746,98.6282,98.4021,98.5564,98.6103,98.5613,98.387,98.5525,97.5339,98.6017,100.0,98.605,99.9042,99.9118,98.4569,98.53,98.5404,98.5254,98.6391,98.4898,98.4792,98.5012,98.5607,97.7993,98.5152,97.9047,98.4565,98.6002
GCF_030931335.1_ASM3093133v1_genomic.fna,98.4049,98.5108,97.1925,98.6169,98.6448,98.6099,98.5725,98.5579,98.5804,98.5638,98.6723,98.6169,98.8939,98.5579,98.473,98.4747,98.53,98.4448,98.4076,97.7683,98.4782,97.2494,99.1299,98.4324,98.5097,98.8765,98.3968,98.4097,98.4777,99.376,98.8837,98.4059,97.6641,98.555,98.6052,98.2885,98.5214,98.4354,98.6829,98.5339,98.4071,97.2399,98.3905,98.7696,98.6328,98.6434,98.3645,98.4193,98.8274,98.4021,97.3991,98.5236,98.4713,98.4569,98.472,98.3253,98.3918,98.4466,98.5334,98.5625,98.336,98.4815,98.4895,98.7516,98.4834,98.3868,98.5703,98.4791,98.4173,98.4472,98.4199,97.7833,98.4504,98.4728,98.5211,99.079,98.4774,98.8095,98.5388,98.4297,98.5838,98.5755,97.3516,100.0,98.605,100.0,98.7413,98.693,98.3917,98.5078,98.3814,98.4507,99.166,98.5555,98.5048,98.4619,98.6459,97.5992,98.4427,97.8198,98.425,98.446
GCF_030931535.1_ASM3093153v1_genomic.fna,98.5528,98.5752,97.4829,98.6115,98.5798,98.6237,98.6305,98.3016,98.4927,98.6263,98.6611,98.6727,98.7415,98.6608,98.5191,98.638,98.512,98.4137,98.6389,97.8177,98.3798,97.4045,98.6622,98.4792,98.5757,98.7509,98.6292,98.5939,98.6056,98.6098,98.7513,98.5513,97.54,99.2336,99.2812,98.4821,98.5797,98.5355,98.7055,98.5347,98.4229,97.4178,98.5435,98.5592,98.6735,99.2702,98.4665,98.4742,98.5702,98.6778,97.4408,98.4695,98.5174,98.4993,98.5279,98.5722,98.4593,98.5154,98.5592,99.6979,98.5629,98.5591,98.5609,98.5527,98.5135,98.6763,98.4297,98.5968,98.4581,98.5727,98.5781,97.8005,98.5195,98.5764,98.5555,98.6399,98.3143,98.5626,98.5874,98.5365,98.4325,98.5849,97.5465,98.7413,99.9042,98.7413,100.0,99.9975,98.5574,98.5876,98.5316,98.5362,98.6574,98.5235,98.4632,98.4244,98.6658,97.6483,98.4382,97.8846,98.4545,98.6024
GCF_030931665.1_ASM3093166v1_genomic.fna,98.4869,98.5423,97.4686,98.5926,98.546,98.5976,98.534,98.2567,98.5134,98.5867,98.6776,98.6595,98.7525,98.6654,98.4871,98.6281,98.4992,98.3909,98.594,97.8625,98.2779,97.4329,98.6961,98.4654,98.5339,98.7459,98.568,98.5204,98.5453,98.6133,98.7392,98.5745,97.5528,99.2735,99.3229,98.5177,98.5475,98.4566,98.6644,98.5302,98.4355,97.4563,98.535,98.565,98.6059,99.2564,98.5114,98.5057,98.5614,98.5806,97.4866,98.5123,98.4828,98.5064,98.5095,98.5122,98.4881,98.469,98.5278,99.6663,98.5337,98.5807,98.5973,98.5598,98.5499,98.5971,98.4256,98.6017,98.479,98.5491,98.5085,97.7245,98.4534,98.5065,98.4519,98.6234,98.3451,98.5782,98.5021,98.5333,98.4306,98.4619,97.4841,98.693,99.9118,98.693,99.9975,100.0,98.5385,98.5917,98.5112,98.575,98.6482,98.57,98.4342,98.4534,98.6305,97.6214,98.4042,97.8391,98.4158,98.6239
GCF_032171455.1_ASM3217145v1_genomic.fna,98.1558,98.19,96.9077,98.2073,98.2231,98.1931,98.2672,98.2648,98.2567,98.2133,98.3332,98.3534,98.5721,98.965,98.2002,98.1429,98.2542,97.992,98.1479,97.6628,98.1227,97.2309,98.5471,98.0697,98.1176,98.987,98.2036,98.1762,98.1539,98.5767,98.981,98.3483,97.386,98.6058,98.5725,98.3138,98.1858,98.2899,98.5925,98.2751,98.5017,97.1294,98.1104,98.6299,98.4198,98.5674,98.1454,98.1734,98.6533,98.1539,97.1705,98.208,98.0266,98.1896,98.0113,98.1143,98.1704,98.2355,98.5101,98.1027,98.1892,98.1695,98.2666,98.714,98.1741,98.285,98.4162,98.372,98.3306,98.1104,98.1533,97.6032,98.1259,98.0246,98.0527,98.6308,98.3481,98.7331,98.3941,98.1213,98.6324,98.4506,97.3749,98.3917,98.4569,98.3917,98.5574,98.5385,100.0,99.2334,98.3636,100.0,98.6475,99.2712,98.3489,98.3683,99.3589,97.5675,98.3511,97.6732,97.9917,98.4869
GCF_032878815.1_ASM3287881v1_genomic.fna,98.2151,98.2256,97.078,98.3219,98.3925,98.3057,98.3238,98.26,98.3355,98.3873,98.4806,98.4736,98.7005,99.5392,98.3808,98.374,98.3145,98.2606,98.2632,97.8475,98.2274,97.3172,98.5999,98.2562,98.2875,99.003,98.2455,98.2986,98.28,98.4792,98.9977,98.268,97.3034,98.4889,98.4775,98.3108,98.2353,98.2648,98.6085,98.3026,98.42,97.2953,98.1086,98.6621,98.3788,98.5753,98.1572,98.2279,98.7256,98.3073,97.3213,98.3018,98.1161,98.0852,98.1841,98.3025,98.155,98.3129,98.5422,98.5711,98.2549,98.2248,98.3173,98.4806,98.2775,98.2702,98.3936,98.4733,98.4914,98.3943,98.2023,97.6448,98.2773,98.1933,98.225,98.5789,98.2514,98.7061,98.3697,98.1962,98.748,98.406,97.3629,98.5078,98.53,98.5078,98.5876,98.5917,99.2334,100.0,98.1676,99.1959,98.6231,99.9833,98.3026,98.3822,99.2963,97.5837,98.2938,97.7435,98.2435,98.4816
GCF_033631205.1_ASM3363120v1_genomic.fna,99.6777,99.0748,97.0039,98.2192,98.1688,98.2073,98.2487,98.0256,98.1339,98.2613,98.2683,98.231,98.3778,97.9641,98.8705,98.8806,99.8579,97.9854,99.0706,97.7091,98.0895,97.161,98.2655,99.7177,99.0213,98.2614,99.1271,99.7479,99.215,98.2337,98.1968,99.7641,97.3806,98.3294,98.2771,98.3005,98.0991,99.6584,99.8973,99.8675,98.2684,97.0325,99.6422,98.2145,98.4662,98.1352,99.6165,99.6277,98.408,99.0342,97.0251,98.0458,99.1204,99.7972,99.0841,99.2929,99.7774,99.0087,98.2993,98.1528,99.642,98.9978,99.0992,98.2081,99.7099,99.0475,98.2155,98.2757,98.2406,99.0506,99.1511,97.5644,99.103,99.0421,99.0451,97.9852,98.088,98.441,98.2903,98.9528,98.0256,98.2594,96.893,98.3772,98.5404,98.3814,98.5316,98.5112,98.3636,98.1676,100.0,98.2322,98.2791,98.0767,99.0498,98.9558,98.3441,97.3252,99.0056,97.4778,98.0904,98.5474
GCF_033879915.1_ASM3387991v1_genomic.fna,98.2424,98.2896,96.9546,98.1879,98.1946,98.1796,98.2085,98.2822,98.2617,98.368,98.367,98.3312,98.6758,99.0099,98.3668,98.3178,98.3747,98.0762,98.2968,97.572,98.0969,97.266,98.5621,98.1147,98.1695,98.9541,98.2847,98.1365,98.2418,98.6724,98.9494,98.2892,97.2968,98.6111,98.6702,98.2102,98.2418,98.2576,98.6498,98.3839,98.5255,97.0759,98.2458,98.6856,98.4065,98.591,98.2222,98.2157,98.6441,98.299,97.2411,98.2144,98.164,98.2258,98.1669,98.1903,98.3697,98.3731,98.4221,98.1548,98.1536,98.2478,98.2318,98.6318,98.1768,98.2926,98.3798,98.3845,98.3707,98.1802,98.2199,97.5884,98.2333,98.1798,98.2176,98.6788,98.3146,98.7838,98.4426,98.2126,98.6454,98.3755,97.5242,98.4507,98.5254,98.4507,98.5362,98.575,100.0,99.1959,98.2322,100.0,98.6468,99.1915,98.2868,98.3498,99.3318,97.5723,98.3187,97.7602,98.0377,98.5309
GCF_035985965.1_ASM3598596v1_genomic.fna,98.2618,98.413,97.2105,98.3102,98.2088,98.3135,98.2076,98.2505,98.2207,98.2839,98.335,98.3406,98.8969,98.6332,98.3847,98.3204,98.3105,98.2494,98.3093,97.8044,98.1757,97.1651,99.9789,98.229,98.3864,98.8826,98.4655,98.2233,98.3139,98.7114,98.8827,98.2274,97.591,98.4715,98.5547,98.2582,98.3604,98.3005,98.6662,98.3197,98.4356,97.3251,98.3378,98.8104,98.4796,98.4729,98.235,98.3258,98.9303,98.3407,97.3652,98.1556,98.3356,98.132,98.3017,98.3917,98.357,98.3087,98.3512,98.504,98.2625,98.3746,98.451,98.8137,98.1859,98.3918,98.1748,98.3903,98.2779,98.3677,98.374,97.6598,98.3178,98.3267,98.4258,99.9978,98.2138,98.9545,98.3845,98.3083,98.6841,98.192,97.337,99.166,98.6391,99.166,98.6574,98.6482,98.6475,98.6231,98.2791,98.6468,100.0,98.6508,98.3007,98.405,98.6607,97.5971,98.2786,97.7992,98.5385,98.428
GCF_038721235.1_ASM3872123v1_genomic.fna,98.1881,98.0361,97.0607,98.1768,98.2048,98.1969,98.2333,98.0968,98.2105,98.3602,98.3186,98.3344,98.6923,99.3862,98.2107,98.2916,98.3454,98.0558,98.0648,97.935,98.1641,97.341,98.6353,97.9784,98.1491,98.9809,97.9789,98.0755,98.0892,98.2902,98.9136,98.1714,97.3159,98.4973,98.4164,98.2859,98.2819,98.1126,98.609,98.3547,98.5601,97.1511,97.9479,98.5333,98.4615,98.3394,97.9166,98.0975,98.6437,98.0923,97.2348,98.2173,98.0528,97.9645,98.0069,98.1384,98.1884,98.1485,98.5194,98.3681,98.0366,98.0588,98.132,98.3812,98.0716,97.9858,98.3734,98.5324,98.5659,98.0811,98.1674,97.6503,98.1727,97.987,98.0113,98.4986,98.267,98.6975,98.4793,98.2147,98.4874,98.4998,97.3303,98.5555,98.4898,98.5555,98.5235,98.57,99.2712,99.9833,98.0767,99.1915,98.6508,100.0,98.1921,98.1964,99.2284,97.5675,97.9446,97.8589,98.152,98.4153
GCF_040027695.1_Lla1834_v1_all_genomic.fna,98.9286,99.1884,97.0001,98.4013,98.3411,98.3845,98.3205,98.1026,98.2242,98.1186,98.1449,98.1401,98.4645,98.1679,98.9326,98.8428,99.0984,97.9853,99.1841,97.8087,98.0356,97.1058,98.2368,98.8424,99.1429,98.3824,99.1596,98.9113,99.2264,98.2552,98.3985,98.976,97.2207,98.3342,98.2231,98.1838,98.0573,98.9603,99.3734,99.1086,98.3104,97.0302,98.9343,98.5188,98.3405,98.1204,98.9655,98.9591,98.467,99.1361,97.2052,98.1929,99.2045,99.0184,99.2362,99.0689,99.0478,98.9215,98.3306,98.1619,98.9705,99.118,99.1117,98.2235,98.8735,99.159,98.2704,98.3659,98.2296,99.1576,99.1861,97.4873,99.1546,99.2546,99.1761,98.1812,98.2464,98.4646,98.1669,98.8307,98.2535,98.2657,97.0406,98.5048,98.4792,98.5048,98.4632,98.4342,98.3489,98.3026,99.0498,98.2868,98.3007,98.1921,100.0,98.7456,98.4617,97.2858,98.9806,97.594,98.0521,98.4514
GCF_040448315.1_ASM4044831v1_genomic.fna,98.7608,98.8087,96.9498,98.414,98.3415,98.4513,98.3373,97.8978,98.0175,98.089,98.1931,98.1337,98.4413,98.1577,99.1975,99.282,99.1039,97.9564,98.8839,97.7545,98.0096,97.1226,98.2872,98.8827,98.8522,98.3469,98.8249,98.9266,98.8127,98.2696,98.3014,98.8694,97.1865,98.4806,98.3606,98.229,98.0694,98.8936,99.3897,99.0999,98.1938,97.0245,98.8852,98.0258,98.4032,98.3058,98.9252,99.0346,98.4969,98.9237,97.1526,98.0219,98.8225,98.8598,98.8755,98.9471,98.947,99.2693,98.22,98.4478,98.9509,98.7822,98.8088,98.2484,98.9212,98.8164,98.2167,98.2529,98.1667,98.9405,98.9084,97.6449,98.8692,98.8756,98.8909,98.2777,98.1813,98.4088,98.192,99.1629,98.0935,98.2,96.968,98.4619,98.5012,98.4619,98.4244,98.4534,98.3683,98.3822,98.9558,98.3498,98.405,98.1964,98.7456,100.0,98.3642,97.3771,98.6971,97.5956,98.1826,98.4364
GCF_040516025.1_ASM4051602v1_genomic.fna,98.3715,98.483,97.0168,98.289,98.2822,98.2462,98.2133,98.1556,98.3154,98.4471,98.3141,98.2981,98.7063,99.2807,98.3557,98.5637,98.3844,98.2932,98.4992,97.7155,98.2889,97.26,98.6504,98.2676,98.339,98.9924,98.4834,98.3339,98.3724,98.6155,98.972,98.3485,97.444,98.5992,98.5794,98.359,98.2916,98.3281,98.6657,98.3971,98.5907,97.1231,98.2746,98.5351,98.386,98.5539,98.4462,98.4349,98.7761,98.4482,97.2403,98.2847,98.2898,98.3502,98.3527,98.3794,98.3536,98.4137,98.438,98.3196,98.4042,98.4294,98.432,98.8362,98.2309,98.4632,98.4737,98.4765,98.595,98.4534,98.3572,97.7219,98.363,98.3121,98.3544,98.6096,98.3881,98.7762,98.352,98.468,98.7402,98.4816,97.362,98.6459,98.5607,98.6459,98.6658,98.6305,99.3589,99.2963,98.3441,99.3318,98.6607,99.2284,98.4617,98.3642,100.0,97.771,98.3064,97.8414,98.0718,98.4317
GCF_041545465.1_ASM4154546v1_genomic.fna,97.3189,97.4482,97.3365,97.697,97.6857,97.7119,97.7091,97.4245,97.4063,97.5461,97.5817,97.6536,97.59,97.3989,97.4241,97.3734,97.5704,97.5066,97.4638,97.6614,97.5592,97.4975,97.6597,97.2984,97.4276,97.5517,97.1343,97.291,97.312,97.3801,97.5481,97.554,97.0116,97.6038,97.5763,97.8097,97.6395,97.3795,97.898,97.5824,97.7634,97.3727,97.2313,97.4813,97.7834,97.572,97.224,97.314,97.5871,97.4502,97.3941,97.3528,97.2506,97.3133,97.2588,97.3204,97.5046,97.3234,97.7837,97.5149,97.3197,97.2074,97.2997,97.5636,97.3348,97.2601,97.7694,97.8279,97.5812,97.373,97.2906,97.56,97.3357,97.2524,97.5128,97.459,97.6347,97.5213,97.7558,97.4731,97.5391,97.7169,97.3446,97.599,97.7993,97.5992,97.6483,97.6214,97.5675,97.5837,97.3252,97.5723,97.5971,97.5675,97.2858,97.3771,97.771,100.0,97.2126,97.521,97.287,97.8394
GCF_041879435.1_ASM4187943v1_genomic.fna,98.8799,99.1456,96.6563,98.1908,98.1143,98.1593,98.166,97.7859,97.873,97.8907,97.8842,97.7764,98.3568,97.8599,98.8181,98.9004,99.1987,97.8527,99.2,97.637,97.8361,97.1904,98.1767,98.959,99.1505,98.1768,99.0825,98.9251,99.2086,98.1388,98.0396,98.9606,97.2544,98.2764,98.2601,98.1132,97.8438,98.8958,99.4588,99.2076,98.1292,96.9914,98.9459,98.0269,98.2496,98.0016,98.9398,99.0439,98.4194,99.1754,97.0572,97.8687,99.0897,98.9375,99.0705,98.9381,99.1299,98.873,98.257,98.0948,99.0869,99.1168,99.1523,98.0867,98.9042,99.1142,98.1169,98.1699,98.0504,99.0526,99.2544,97.3803,99.1691,99.0967,99.2181,98.1276,98.0146,98.3715,98.1195,98.7036,97.8413,98.0185,96.9335,98.4427,98.5152,98.4427,98.4382,98.4042,98.3511,98.2938,99.0056,98.3187,98.2786,97.9446,98.9806,98.6971,98.3064,97.2126,100.0,97.4414,97.8977,98.277
GCF_041930265.1_PacBio_sequel_II_genomic.fna,97.5542,97.5798,97.2048,97.8702,97.8803,97.9126,97.8379,97.5469,97.6013,97.6717,97.4881,97.4941,97.7927,97.6812,97.6812,97.6361,97.6732,97.6587,97.685,99.4908,97.7635,97.3991,97.7745,97.5702,97.6969,97.9064,97.5845,97.5174,97.6538,97.4859,97.9005,97.5401,97.152,97.8256,97.7455,97.9126,97.6369,97.4691,97.8914,97.6812,97.7866,97.2428,97.5516,97.5022,97.9075,97.6851,97.4925,97.5175,97.6778,97.7504,97.4631,97.6199,97.5549,97.5425,97.5173,97.446,97.7705,97.5561,97.8555,97.8033,97.5855,97.5054,97.6083,97.668,97.5308,97.5437,97.9067,97.7408,97.7853,97.5175,97.6781,98.5728,97.5601,97.5457,97.6467,97.7144,97.7184,97.6558,97.867,97.5858,97.7189,97.8542,97.3192,97.8198,97.9047,97.8198,97.8846,97.8391,97.6732,97.7435,97.4778,97.7602,97.7992,97.8589,97.594,97.5956,97.8414,97.521,97.4414,100.0,97.5498,97.8656
GCF_900088425.1_A12_genomic.fna,97.7512,98.1699,97.1678,98.2165,98.1171,98.1659,98.1383,97.9951,97.9211,98.1695,98.1254,98.1388,98.3967,97.9717,98.1672,98.1213,98.3555,97.9544,98.1312,97.6512,97.9673,97.3305,98.3309,98.0755,97.885,98.329,98.1523,98.0545,98.2348,98.0109,98.3431,98.066,97.2043,98.4713,98.4241,98.2017,98.1152,98.0138,98.5547,98.4051,98.0366,97.2326,97.964,98.0372,98.383,98.1928,97.9909,98.2068,98.1642,98.2011,97.2752,97.9316,98.1247,98.1592,98.1231,98.1304,98.319,98.1333,98.2298,98.3291,98.067,98.0862,98.132,98.0277,98.0633,98.0334,98.0728,98.2285,97.9511,98.1657,98.0727,97.376,97.973,98.0934,97.9842,98.417,97.9258,98.1267,98.2179,98.0711,98.1289,98.0176,97.2356,98.425,98.4565,98.425,98.4545,98.4158,97.9917,98.2435,98.0904,98.0377,98.5385,98.152,98.0521,98.1826,98.0718,97.287,97.8977,97.5498,100.0,98.2682
GCF_964062975.1_Lactococcus_lactis_CIRM-BIA2553_genomic.fna,98.285,98.5188,97.3529,98.7029,98.6775,98.6971,98.7162,98.5365,98.5446,98.4544,98.428,98.3926,98.5595,98.4487,98.3712,98.5084,98.5023,98.4322,98.5046,97.7773,98.4097,97.5165,98.3951,98.5032,98.5585,98.4981,98.4611,98.4964,98.4686,98.2657,98.4826,98.4867,97.4893,98.5886,98.538,98.3754,98.525,98.4088,98.7423,98.5141,98.8223,97.4747,98.4801,98.3272,98.7385,98.5349,98.5427,98.5199,98.4272,98.4838,97.4871,98.4889,98.4212,98.3586,98.4063,98.5254,98.4813,98.478,98.7668,98.4068,98.4626,98.4646,98.3664,98.3619,98.5849,98.3958,98.5954,98.7383,98.636,98.5552,98.4925,97.9155,98.3578,98.3708,98.4708,98.4008,98.7409,98.4172,98.7091,98.4313,98.4227,98.6375,97.3417,98.446,98.6002,98.446,98.6024,98.6239,98.4869,98.4816,98.5474,98.5309,98.428,98.4153,98.4514,98.4364,98.4317,97.8394,98.277,97.8656,98.2682,100.0
